name_product,hydration
3CE_드롭글로우젤_CALMING,2.7096774193548385
3CE_드롭글로우젤_ESSENTIAL,2.888888888888889
3CE_드롭글로우젤_MILDER,2.7916666666666665
3CE_드롭글로우젤_NEAT,2.772727272727273
3CE_드롭글로우젤_RAWAPPLE,2.75
3CE_드롭글로우젤_SHY,2.6
3CE_드롭글로우젤_VERYSURE,2.8085106382978724
3CE_드롭글로우젤_WEEKEND,2.787878787878788
3CE_드롭글로우젤_WONDER,2.625
3CE_드롭글로우젤_YOUTH,2.76
3CE_벨벳립틴트_BITTERHOUR,1.5
3CE_벨벳립틴트_BestEVER,2.5294117647058822
3CE_벨벳립틴트_CASHMERENUDE,1.736842105263158
3CE_벨벳립틴트_CHEEKYROSE,2.3333333333333335
3CE_벨벳립틴트_CHILDLIKE,1.894736842105263
3CE_벨벳립틴트_COZYCRUSH,2.1
3CE_벨벳립틴트_DAFFODIL,1.8157894736842106
3CE_벨벳립틴트_DEFINITION,1.5
3CE_벨벳립틴트_FADEIN,1.625
3CE_벨벳립틴트_GOINGRIGHT,1.9473684210526316
3CE_벨벳립틴트_LIKEGENTLE,1.8
3CE_벨벳립틴트_NEARANDDEAR,1.3333333333333333
3CE_벨벳립틴트_NEWNUDE,1.7142857142857142
3CE_벨벳립틴트_PINKBREAK,1.375
3CE_벨벳립틴트_PRIVATE,2.0
3CE_벨벳립틴트_SAVEME,3.0
3CE_벨벳립틴트_SLOWMOTION,2.0
3CE_벨벳립틴트_SPEAKUP,1.75
3CE_벨벳립틴트_TAUPE,2.0
3CE_벨벳립틴트_THINKAGAIN,2.75
3CE_벨벳립틴트_WALKNTALK,3.0
3CE_블러매트립스틱_APRICOT,2.142857142857143
3CE_블러매트립스틱_APRICOTFILTER,1.5
3CE_블러매트립스틱_BEEZYMELODY,1.8333333333333333
3CE_블러매트립스틱_INTHEFOG,1.3695652173913044
3CE_블러매트립스틱_MAUVEDRIZZLE,2.0
3CE_블러매트립스틱_MISTYDAY,1.5454545454545454
3CE_블러매트립스틱_NEWTROWAVE,2.3333333333333335
3CE_블러매트립스틱_PEANUTBEIGE,1.625
3CE_블러매트립스틱_PURELAYER,2.0
3CE_블러매트립스틱_ROSINESS,1.6341463414634145
3CE_블러매트립스틱_SALTYCINNAMON,1.5
3CE_블러매트립스틱_TANGERINETANGO,2.4285714285714284
3CE_블러매트립스틱_UNKNOWNWAY,1.5714285714285714
3CE_블러워터틴트_BAKEBEIGE,2.0
3CE_블러워터틴트_CASUALAFFAIR,2.1666666666666665
3CE_블러워터틴트_CHASINGROSE,2.1818181818181817
3CE_블러워터틴트_CORALMOON,2.2857142857142856
3CE_블러워터틴트_DEARMARCH,2.25
3CE_블러워터틴트_DOUBLEWIND,2.2666666666666666
3CE_블러워터틴트_EARLYHOUR,2.0
3CE_블러워터틴트_FIRSTLETTER,3.0
3CE_블러워터틴트_LAYDOWN,2.1076923076923078
3CE_블러워터틴트_MOREPEACH,2.0
3CE_블러워터틴트_NIGHTTALK,2.1538461538461537
3CE_블러워터틴트_PINKGUAVA,2.2222222222222223
3CE_블러워터틴트_SPOTPLAYER,2.142857142857143
3CE_블러워터틴트_WARMTH,1.0
3CE_샤인리플렉터_COLDSET,3.0
3CE_샤인리플렉터_LILACGLAZE,2.9166666666666665
3CE_샤인리플렉터_MILKYSHADOW,2.7142857142857144
3CE_샤인리플렉터_NECTAR,2.7777777777777777
3CE_샤인리플렉터_OPALSHOWER,2.7142857142857144
3CE_샤인리플렉터_RAINORSHINE,2.7083333333333335
3CE_샤인리플렉터_SOFTEST,2.9473684210526314
3CE_소프트매트립스틱_ HAZYROSE,1.6666666666666667
3CE_소프트매트립스틱_ MURMURING,1.75
3CE_소프트매트립스틱_ SOFT MELLOW,1.5
3CE_소프트매트립스틱_ WAYBACK,1.621212121212121
3CE_소프트매트립스틱_CHILLMOVE,1.8888888888888888
3CE_소프트매트립스틱_FLUFFYLOVE,2.3333333333333335
3CE_소프트매트립스틱_FOCUSONME,1.6666666666666667
3CE_소프트매트립스틱_ORANGEBREEZE,1.0
3CE_소프트매트립스틱_REDMUSE,1.5
3CE_소프트매트립스틱_SENSUALBREEZE,1.0
3CE_소프트매트립스틱_SPEAKTOME,1.0
3CE_소프트매트립스틱_WARMISHMOVE,1.625
3CE_헤이지립클레이_BUTTERBEIGE,1.55
3CE_헤이지립클레이_CHERRYFLUFF,1.45
3CE_헤이지립클레이_FIGGY,2.0
3CE_헤이지립클레이_HIPAMINE,1.7
3CE_헤이지립클레이_MAUVROWN,1.55
3CE_헤이지립클레이_PAINTINGCOT,1.65
3CE_헤이지립클레이_PLUMPUDDING,1.6
3CE_헤이지립클레이_TYPEGIRL,1.8
3CE_헤이지립클레이_WARMBROWNIE,1.3
3CE_헤이지립클레이_WHIPRED,1.8
네이밍_듀이글래스립틴트_데어,2.7333333333333334
네이밍_듀이글래스립틴트_데어,3.0
네이밍_듀이글래스립틴트_리플,2.75
네이밍_듀이글래스립틴트_어바이드,2.0
네이밍_듀이글래스립틴트_컴리,2.6666666666666665
네이밍_듀이글래스립틴트_페르소나,2.7142857142857144
네이밍_듀이글래스립틴트_페얼리,2.642857142857143
네이밍_듀이글래스립틴트_하운드,3.0
롬앤_글래스팅멜팅밤_누가샌드,2.9
롬앤_글래스팅멜팅밤_누베이지,2.45
롬앤_글래스팅멜팅밤_디어애플,2.65
롬앤_글래스팅멜팅밤_러비핑크,2.65
롬앤_글래스팅멜팅밤_모브휩,2.7
롬앤_글래스팅멜팅밤_버피코랄,2.85
롬앤_글래스팅멜팅밤_베일드로즈,2.9
롬앤_글래스팅멜팅밤_소르베밤,2.8
롬앤_글래스팅멜팅밤_스카치누드,2.75
롬앤_글래스팅멜팅밤_카야피그,2.7
롬앤_글래스팅멜팅밤_코랄리아,2.65
롬앤_글래스팅멜팅밤_코코누드,2.65
롬앤_글래스팅멜팅밤_피오니즈,2.65
롬앤_글래스팅멜팅밤_피칸브루,2.8
롬앤_글래스팅컬러글로스_너티베이그,2.7
롬앤_글래스팅컬러글로스_디픈무어,2.75
롬앤_글래스팅컬러글로스_딤모브,2.75
롬앤_글래스팅컬러글로스_로즈핀치,2.75
롬앤_글래스팅컬러글로스_스프링피버,2.75
롬앤_글래스팅컬러글로스_체리업,2.9
롬앤_글래스팅컬러글로스_피오니발레,2.65
롬앤_듀이풀워터틴트_라일락크림,2.75
롬앤_듀이풀워터틴트_머머핑크,2.45
롬앤_듀이풀워터틴트_베리디바인,2.85
롬앤_듀이풀워터틴트_솔티피치,2.75
롬앤_듀이풀워터틴트_이프로즈,2.8
롬앤_듀이풀워터틴트_인코랄,2.55
롬앤_듀이풀워터틴트_체리웨이,2.6
롬앤_듀이풀워터틴트_칠리업,2.65
롬앤_듀이풀워터틴트_캐니언,2.6
롬앤_듀이풀워터틴트_커스터드모브,2.6
롬앤_듀이풀워터틴트_코튼멜바,2.75
롬앤_듀이풀워터틴트_태피,2.8
롬앤_듀이풀워터틴트_툴리안,2.5
롬앤_제로매트립스틱_대즐레드,1.5
롬앤_제로매트립스틱_더스티핑크,1.55
롬앤_제로매트립스틱_레드다이브,1.55
롬앤_제로매트립스틱_레드서퍼,1.5
롬앤_제로매트립스틱_레드카펫,1.8
롬앤_제로매트립스틱_모브빈즈,1.95
롬앤_제로매트립스틱_비포선셋,1.5
롬앤_제로매트립스틱_선라이트,1.7
롬앤_제로매트립스틱_쉘누드,1.75
롬앤_제로매트립스틱_스윗피,1.75
롬앤_제로매트립스틱_실루엣,1.75
롬앤_제로매트립스틱_썸띵,1.7
롬앤_제로매트립스틱_어도러블,1.45
롬앤_제로매트립스틱_어썸,1.2
롬앤_제로매트립스틱_엔비미,1.6
롬앤_제로매트립스틱_올댓재즈,1.65
롬앤_제로매트립스틱_이브닝,1.4
롬앤_제로매트립스틱_태닝레드,1.7
롬앤_제로매트립스틱_핑크샌드,1.4
어뮤즈_베베틴트_누드펌킨,2.65
어뮤즈_베베틴트_복숭아러브,2.7
어뮤즈_베베틴트_애플라이크,2.85
어뮤즈_베베틴트_초코걸,2.65
어뮤즈_베베틴트_쿨히비스커스,2.75
어뮤즈_베베틴트_파파야코랄,2.55
어뮤즈_베베틴트_포도베베,2.6
어뮤즈_베베틴트_핑크무화과,2.75
어뮤즈_젤핏틴트_고져스모브,2.85
어뮤즈_젤핏틴트_나르시즘,2.619047619047619
어뮤즈_젤핏틴트_누핑크,2.65
어뮤즈_젤핏틴트_무화과잼,2.642857142857143
어뮤즈_젤핏틴트_버니버니,2.8421052631578947
어뮤즈_젤핏틴트_복숭아젤리,2.85
어뮤즈_젤핏틴트_서울걸,2.75
어뮤즈_젤핏틴트_오트무화과,2.75
어뮤즈_젤핏틴트_장미우유,2.5
어뮤즈_젤핏틴트_카라멜,2.85
어뮤즈_젤핏틴트_쿨다이브,2.6923076923076925
어뮤즈_젤핏틴트_헬시살몬,2.9
에스쁘아_꾸뛰르립틴트글레이즈_로사,2.65
에스쁘아_꾸뛰르립틴트글레이즈_애플소르베,2.75
에스쁘아_꾸뛰르립틴트글레이즈_오드코랄,2.75
에스쁘아_꾸뛰르립틴트글레이즈_오키드,2.65
에스쁘아_꾸뛰르립틴트글레이즈_칠링칠링,2.75
에스쁘아_꾸뛰르립틴트글레이즈_허쉬드체리,2.85
에스쁘아_꾸뛰르립틴트블러벨벳_모브닝,1.85
에스쁘아_꾸뛰르립틴트블러벨벳_문릿,2.2
에스쁘아_꾸뛰르립틴트블러벨벳_세레나데,1.85
에스쁘아_꾸뛰르립틴트블러벨벳_칠린,2.45
에스쁘아_꾸뛰르립틴트블러벨벳_코지,2.0
에스쁘아_꾸뛰르립틴트블러벨벳_피버,2.35
에스쁘아_꾸뛰르립틴트블러벨벳_피오니,1.65
에스쁘아_꾸뛰르립틴트블러벨벳_헤이즈,1.85
에스쁘아_노웨어바밍글로우_뉴로즈,2.5
에스쁘아_노웨어바밍글로우_베리코어,2.7
에스쁘아_노웨어바밍글로우_블루베리,2.6
에스쁘아_노웨어바밍글로우_비비디,2.65
에스쁘아_노웨어바밍글로우_애쉬메이플,2.45
에스쁘아_노웨어바밍글로우_크랜베리,2.65
에스쁘아_노웨어바밍글로우_헤이베스티,2.7
에스쁘아_더슬릭립스틱크림매트_레어로지,1.9
에스쁘아_더슬릭립스틱크림매트_로지비비,1.8
에스쁘아_더슬릭립스틱크림매트_바캉스,1.75
에스쁘아_더슬릭립스틱크림매트_발렌타인,1.8
에스쁘아_더슬릭립스틱크림매트_세레나데,1.8
에스쁘아_더슬릭립스틱크림매트_이브,1.75
에스쁘아_더슬릭립스틱크림매트_포지,1.55
웨이크메이크_듀이젤글레이즈스틱_라즈베리퓨레,2.8
웨이크메이크_듀이젤글레이즈스틱_멜티드핑크,2.65
웨이크메이크_듀이젤글레이즈스틱_뮤트퍼센트,2.9
웨이크메이크_듀이젤글레이즈스틱_뮤티드플럼,2.75
웨이크메이크_듀이젤글레이즈스틱_시럽피코랄,2.6
웨이크메이크_듀이젤글레이즈스틱_애프리콧튜드,2.6
웨이크메이크_듀이젤글레이즈스틱_어텀글레이즈,2.75
웨이크메이크_듀이젤글레이즈스틱_워밍코랄,2.9
웨이크메이크_듀이젤글레이즈스틱_쿨리쉬베리,2.85
웨이크메이크_듀이젤글레이즈스틱_크러쉬드레드,2.7
웨이크메이크_듀이젤글레이즈스틱_플럼브루,2.9
웨이크메이크_듀이젤글로우틴트_글래시모브,2.75
웨이크메이크_듀이젤글로우틴트_레이지모브,2.7
웨이크메이크_듀이젤글로우틴트_머츄어텀,2.7
웨이크메이크_듀이젤글로우틴트_버블리코랄,2.85
웨이크메이크_듀이젤글로우틴트_센슈얼레드,2.65
웨이크메이크_듀이젤글로우틴트_칠업코랄,2.9
웨이크메이크_듀이젤글로우틴트_쿨리쉬체리,2.9047619047619047
웨이크메이크_듀이젤글로우틴트_피그필링,2.789473684210526
웨이크메이크_듀이젤글로우틴트_피오니피즈,2.85
웨이크메이크_듀이젤글로우틴트_피치바이트코랄,2.6
웨이크메이크_듀이젤글로우틴트_하이퍼베리,2.75
입큰_퍼피글로우틴트_로지코어,2.6
입큰_퍼피글로우틴트_리치봉봉,2.7
입큰_퍼피글로우틴트_모브문,2.75
입큰_퍼피글로우틴트_애플콕,2.75
입큰_퍼피글로우틴트_쥬시캐롯,2.8
입큰_퍼피글로우틴트_체리글레이즈,2.55
입큰_퍼피글로우틴트_코코브릭,2.45
입큰_퍼피글로우틴트_핑크베어,2.8
컬러그램_쥬시퐁당틴트_깨물앵두,2.7
컬러그램_쥬시퐁당틴트_꿀잼피치,2.75
컬러그램_쥬시퐁당틴트_딸기둥절,2.6
컬러그램_쥬시퐁당틴트_땡큐베리,2.8
컬러그램_쥬시퐁당틴트_물먹리치,2.8
컬러그램_쥬시퐁당틴트_쿨복숭아,2.3
컬러그램_쥬시퐁당틴트_킬포멜론,2.6
컬러그램_쥬시퐁당틴트_포도방정,2.7
컬러그램_탕후루탱글틴트_럽라즈베리,2.5
컬러그램_탕후루탱글틴트_말랑홍시,2.6
컬러그램_탕후루탱글틴트_버터핑라이,3.0
컬러그램_탕후루탱글틴트_블로섬핑,2.6666666666666665
컬러그램_탕후루탱글틴트_살랑살구,2.85
컬러그램_탕후루탱글틴트_수줍구아바,2.7
컬러그램_탕후루탱글틴트_언핑리버블,2.55
컬러그램_탕후루탱글틴트_잔망베리,2.7
컬러그램_탕후루탱글틴트_청량쿨숭아,2.7
컬러그램_탕후루탱글틴트_햇꿀자몽,2.6
코스노리_플로우웨이브틴트_글레어,2.95
코스노리_플로우웨이브틴트_디어,2.95
코스노리_플로우웨이브틴트_베베,2.8
코스노리_플로우웨이브틴트_써피,2.8
코스노리_플로우웨이브틴트_위티,2.9
코스노리_플로우웨이브틴트_카인드,2.9
코스노리_플로우웨이브틴트_코랄부케,2.85
코스노리_플로우웨이브틴트_펀치,2.9
코스노리_플로우웨이브틴트_포플,2.85
코스노리_플로우웨이브틴트_피치로즈,2.8
코스노리_플로우웨이브틴트_핑크러쉬,2.9
코스노리_플로우웨이브틴트_핑크릴리,2.75
클리오_쉬폰블러틴트_고당도생딸기,1.7
클리오_쉬폰블러틴트_달달초코스무디,1.35
클리오_쉬폰블러틴트_부드러운밀크티,1.55
클리오_쉬폰블러틴트_상큼한비트주스,1.7
클리오_쉬폰블러틴트_속빨간왕자두,1.65
클리오_쉬폰블러틴트_싱싱한참살구,1.75
클리오_쉬폰블러틴트_크랜베리토핑,1.9
클리오_쉬폰블러틴트_특대왕금사과,1.8
클리오_크리스탈글래밤_꿀라즈베리,2.8
클리오_크리스탈글래밤_꿀무화과,2.75
클리오_크리스탈글래밤_꿀복숭아,2.7
클리오_크리스탈글래밤_꿀사과,2.8
클리오_크리스탈글래밤_꿀살구,2.75
클리오_크리스탈글래밤_꿀앵두,2.75
클리오_크리스탈글램틴트_데일리모브,2.85
클리오_크리스탈글램틴트_멜로우피그,2.6
클리오_크리스탈글램틴트_모던코랄베이지,2.8
클리오_크리스탈글램틴트_베어피치,2.55
클리오_크리스탈글램틴트_베이비베리,2.65
클리오_크리스탈글램틴트_블러쉬드피치,2.6
클리오_크리스탈글램틴트_빈티지애플,2.7
클리오_크리스탈글램틴트_썸머애프리콧,2.95
클리오_크리스탈글램틴트_젠틀시나몬,2.85
클리오_크리스탈글램틴트_파이어리로즈,2.6
클리오_크리스탈글램틴트_페일플럼,2.55
클리오_크리스탈글램틴트_프레쉬체리,2.5
토니모리_겟잇틴트글레이즈밤_라벤더블라썸,2.85
토니모리_겟잇틴트글레이즈밤_로지퓨레,2.9
토니모리_겟잇틴트글레이즈밤_베리플럼,2.9
토니모리_겟잇틴트글레이즈밤_솜사탕핑크,2.95
토니모리_겟잇틴트글레이즈밤_스파클링코랄,2.9
토니모리_겟잇틴트글레이즈밤_코랄피즈,2.9
토니모리_겟잇틴트글레이즈밤_토피애플,2.95
토니모리_겟잇틴트글레이즈밤_핑크슈가,2.8
토니모리_겟잇틴트워터풀버터_너티크림,2.4
토니모리_겟잇틴트워터풀버터_로즈타르트,2.3
토니모리_겟잇틴트워터풀버터_로지모카,2.2
토니모리_겟잇틴트워터풀버터_리치플럼,1.85
토니모리_겟잇틴트워터풀버터_모브브루,2.5
토니모리_겟잇틴트워터풀버터_베리슈,2.15
토니모리_겟잇틴트워터풀버터_애프터코랄,2.45
토니모리_겟잇틴트워터풀버터_애플팝,2.05
토니모리_겟잇틴트워터풀버터_윈터뱅쇼,2.2
토니모리_겟잇틴트워터풀버터_진저라떼,2.1
토니모리_겟잇틴트워터풀버터_쿨 로지,2.5
토니모리_겟잇틴트워터풀버터_피치롤,2.15
토니모리_겟잇틴트컬러풀워터_레드핫,2.15
토니모리_겟잇틴트컬러풀워터_베이비 오렌지,2.4
토니모리_겟잇틴트컬러풀워터_오마이로즈,2.25
토니모리_겟잇틴트컬러풀워터_칠리페퍼,2.25
토니모리_겟잇틴트컬러풀워터_푸시아판타지,2.3
페리페라_오버블러틴트_나는쿨로,1.55
페리페라_오버블러틴트_도토감성,1.7
페리페라_오버블러틴트_모브트리밍,1.6
페리페라_오버블러틴트_웜베서더,2.1
페리페라_오버블러틴트_코랄랄라,1.75
페리페라_오버블러틴트_쿨려치기,1.75
페리페라_오버블러틴트_핑트체크,2.15
페리페라_워터베어틴트_내또힙행,2.75
페리페라_워터베어틴트_당모피치,2.5
페리페라_워터베어틴트_생기완충,2.7
페리페라_워터베어틴트_소울쿨만,2.7
페리페라_워터베어틴트_여쿨러팅,2.6
페리페라_워터베어틴트_웅니버스,2.65
페리페라_워터베어틴트_챗쿨피티,2.7
페리페라_워터베어틴트_쿨레파시,2.45
페리페라_워터베어틴트_쿨릉도원,2.5
페리페라_잉크무드글로이밤_누디리스트,2.85
페리페라_잉크무드글로이밤_로지아워,2.6
페리페라_잉크무드글로이밤_모브다이브,2.7
페리페라_잉크무드글로이밤_숨찐로즈,2.8
페리페라_잉크무드글로이밤_쿨쿨코랄,2.75
페리페라_잉크무드글로이밤_핑믈리에,2.65
페리페라_잉크무드글로이틴트_당맛도리,2.55
페리페라_잉크무드글로이틴트_로즈학사,2.85
페리페라_잉크무드글로이틴트_맘찍로즈,2.55
페리페라_잉크무드글로이틴트_손웜수템,2.6
페리페라_잉크무드글로이틴트_어쩔체리,2.65
페리페라_잉크무드글로이틴트_여기누웜,2.6
페리페라_잉크무드글로이틴트_웜고리즘,2.85
페리페라_잉크무드글로이틴트_쩡신차렷,2.7
페리페라_잉크무드글로이틴트_쿨계포상,2.7
페리페라_잉크무드글로이틴트_쿨당대란,2.6
페리페라_잉크무드글로이틴트_쿨소평가,2.65
페리페라_잉크무드글로이틴트_쿨톤치드,2.75
하트퍼센트_도트온무드듀이멜팅립스틱_라이브리핑크,2.75
하트퍼센트_도트온무드듀이멜팅립스틱_라이크카라멜,3.0
하트퍼센트_도트온무드듀이멜팅립스틱_로지피그,2.95
하트퍼센트_도트온무드듀이멜팅립스틱_모브듀,3.0
하트퍼센트_도트온무드듀이멜팅립스틱_무드브라운,2.85
하트퍼센트_도트온무드퓨어글로우틴트_누디 오렌지,2.5
하트퍼센트_도트온무드퓨어글로우틴트_레드 오렌지,2.8
하트퍼센트_도트온무드퓨어글로우틴트_마젠타 듀,2.6
하트퍼센트_도트온무드퓨어글로우틴트_모브,2.7
하트퍼센트_도트온무드퓨어글로우틴트_무드베이지,2.65
하트퍼센트_도트온무드퓨어글로우틴트_베어 립스,2.7
하트퍼센트_도트온무드퓨어글로우틴트_비바 플럼,2.55
하트퍼센트_도트온무드퓨어글로우틴트_저스트 코랄,2.65
하트퍼센트_도트온무드퓨어글로우틴트_카라멜 베이지,2.85
하트퍼센트_도트온무드퓨어글로우틴트_푸시아핑크,2.85
하트퍼센트_도트온무드퓨어글로우틴트_퓨어레드,2.6
하트퍼센트_도트온무드퓨어글로우틴트_플럼모브,2.7
하트퍼센트_도트온무드퓨어글로우틴트_피그로즈,2.85
하트퍼센트_도트온무드퓨어글로우틴트_피치 코랄,2.85
하트퍼센트_도트온무드퓨어글로우틴트_핑크 로즈,2.75
홀리카홀리카_워터바이브틴트_고고,2.65
홀리카홀리카_워터바이브틴트_스플랫,2.6
홀리카홀리카_워터바이브틴트_퍼들,2.35
홀리카홀리카_워터바이브틴트_후피,2.25
홀리카홀리카_하트크러쉬베어글레이즈틴트_블런트,2.95
홀리카홀리카_하트크러쉬베어글레이즈틴트_비미쉬,2.65
홀리카홀리카_하트크러쉬베어글레이즈틴트_스위시,2.95
홀리카홀리카_하트크러쉬베어글레이즈틴트_스텔리파이,2.8
홀리카홀리카_하트크러쉬베어글레이즈틴트_아모리스트,2.7
홀리카홀리카_하트크러쉬베어글레이즈틴트_애시드로즈,2.9
홀리카홀리카_하트크러쉬베어글레이즈틴트_퍼피,2.75
홀리카홀리카_하트크러쉬베어글레이즈틴트_필로이,3.0
힌스_무드인핸서워터리퀴드글로우_ 기프티드,2.9
힌스_무드인핸서워터리퀴드글로우_ 뉴얼루어,2.9
힌스_무드인핸서워터리퀴드글로우_ 보더리스,2.7
힌스_무드인핸서워터리퀴드글로우_레어모먼트,2.75
힌스_무드인핸서워터리퀴드글로우_리파인드,2.75
힌스_무드인핸서워터리퀴드글로우_블러쉬드,2.65
힌스_무드인핸서워터리퀴드글로우_어딕티드,2.55
힌스_무드인핸서워터리퀴드글로우_엠비언트,2.8
힌스_무드인핸서워터리퀴드글로우_인플루언스,2.5
힌스_무드인핸서워터리퀴드글로우_체리쉬드,2.65
힌스_무드인핸서워터리퀴드글로우_클래시컬,2.65
힌스_무드인핸서워터리퀴드글로우_하모니어스,2.75
네이처리퍼블릭_허니멜팅립_고소한코코넛,2.8125
네이처리퍼블릭_허니멜팅립_메이플글리터,2.3333333333333335
네이처리퍼블릭_허니멜팅립_무드플럼핑,3.0
네이처리퍼블릭_허니멜팅립_무화과한스푼,2.75
네이처리퍼블릭_허니멜팅립_블랙체리슈,2.75
네이처리퍼블릭_허니멜팅립_살구가득,2.75
네이처리퍼블릭_허니멜팅립_상큼달콤리치,2.7857142857142856
네이처리퍼블릭_허니멜팅립_석류듬뿍,2.611111111111111
네이처리퍼블릭_허니멜팅립_여리베리,2.7
네이처리퍼블릭_허니멜팅립_오로라글리터,2.6666666666666665
네이처리퍼블릭_허니멜팅립_잘익은자두,2.857142857142857
네이처리퍼블릭_허니멜팅립_쫀득복숭아,2.6
네이처리퍼블릭_허니멜팅립_탱글포도,2.6923076923076925
네이처리퍼블릭_허니멜팅립_틴트플럼핑,2.9
누즈_무스립추얼_러비코랄,2.0833333333333335
누즈_무스립추얼_모브레인,2.2222222222222223
누즈_무스립추얼_무스비레드,1.6923076923076923
누즈_무스립추얼_베어베이지,2.0
누즈_무스립추얼_키치핑크,2.0
누즈_무스립추얼_플럼미,2.0
누즈_컬러케어립밤_모브무브,2.75
누즈_컬러케어립밤_쏘레드,2.8
누즈_컬러케어립밤_카밍코랄,2.764705882352941
누즈_컬러케어립밤_프렌치누드,2.75
누즈_컬러케어립밤_헤이우디,2.85
누즈_케어립추얼_디핀체리,2.0
누즈_케어립추얼_레디쉬허,3.0
누즈_케어립추얼_릴리즈체리,2.85
누즈_케어립추얼_모어라일락,3.0
누즈_케어립추얼_몰튼피넛,2.0
누즈_케어립추얼_코드네임콜드,2.5
누즈_케어립추얼_쿨리쉬,2.9
누즈_케어립추얼_쿨베이브,3.0
누즈_케어립추얼_탠드아워,3.0
누즈_케어립추얼_포지로지,2.6666666666666665
누즈_케어립추얼_헤이즈베이지,2.7
더샘_새미스시럽샷멜팅밤_그레이프잼,2.65
더샘_새미스시럽샷멜팅밤_누가피넛,2.8421052631578947
더샘_새미스시럽샷멜팅밤_애플샤워,2.7
더샘_새미스시럽샷멜팅밤_피그뮬리,2.8
더샘_새미스시럽샷멜팅밤_피치콧,2.65
더샘_새미스에이드샷틴트_로즈히비스커스,2.75
더샘_새미스에이드샷틴트_리치캐모마일,2.85
더샘_새미스에이드샷틴트_바이올렛진,2.85
더샘_새미스에이드샷틴트_애플시나몬,2.9
더샘_새미스에이드샷틴트_자몽허니,2.4
더샘_새미스에이드샷틴트_피치우롱,2.7
데이지크_멜팅캔디밤_누디피그,2.85
데이지크_멜팅캔디밤_라즈베리잼,3.0
데이지크_멜팅캔디밤_로즈밀크티,2.7
데이지크_멜팅캔디밤_리치잼,3.0
데이지크_멜팅캔디밤_리치크림,2.65
데이지크_멜팅캔디밤_복숭아잼,2.5
데이지크_멜팅캔디밤_슈가플럼,2.875
데이지크_멜팅캔디밤_스윗포멜로,2.6
데이지크_멜팅캔디밤_애플시나몬,2.8
데이지크_멜팅캔디밤_애플잼,3.0
데이지크_멜팅캔디밤_젠틀피치,2.85
데이지크_멜팅캔디밤_쥬쥬브잼,3.0
데이지크_멜팅캔디밤_체리피즈,2.7
데이지크_멜팅캔디밤_캐슈넛잼,3.0
데이지크_멜팅캔디밤_캔디소다,2.75
데이지크_멜팅캔디밤_크랜베리잼,3.0
데이지크_멜팅캔디밤_크랜베리휩,2.8
데이지크_무드글로우립스틱_누드펌킨,2.8
데이지크_무드글로우립스틱_로즈힙,2.7
데이지크_무드글로우립스틱_멜로우코랄,2.45
데이지크_무드글로우립스틱_베이비살몬,2.75
데이지크_무드글로우립스틱_체리드롭,2.8
데이지크_무드글로우립스틱_크림샌드,2.9
데이지크_무드글로우립스틱_피치스,2.5
데이지크_무드글로우립스틱_핑크베리,2.65
데이지크_워터블러틴트_라벤더크림,1.6666666666666667
데이지크_워터블러틴트_로지코랄,1.2857142857142858
데이지크_워터블러틴트_리치피치,2.0
데이지크_워터블러틴트_베리베리,1.75
데이지크_워터블러틴트_베리에이드,1.8
데이지크_워터블러틴트_스윗모브,1.6666666666666667
데이지크_워터블러틴트_저스트피치,1.875
데이지크_워터블러틴트_칠링,1.6
데이지크_워터블러틴트_피치듀,2.0
데이지크_워터블러틴트_피치에이드,1.0
데이지크_쥬시듀이틴트_러브코랄,3.0
데이지크_쥬시듀이틴트_멜론샤벳,3.0
데이지크_쥬시듀이틴트_모브무드,3.0
데이지크_쥬시듀이틴트_모브베리,2.7777777777777777
데이지크_쥬시듀이틴트_베리모찌,2.0
데이지크_쥬시듀이틴트_베리슈,2.0
데이지크_쥬시듀이틴트_사쿠라파르페,3.0
데이지크_쥬시듀이틴트_스위티핑크,2.75
데이지크_쥬시듀이틴트_오렌지콕,3.0
데이지크_쥬시듀이틴트_체리소다,2.25
데이지크_쥬시듀이틴트_칠리셔벗,2.5
데이지크_쥬시듀이틴트_코랄피즈,2.4
데이지크_쥬시듀이틴트_파파야밀크,2.3333333333333335
데이지크_쥬시듀이틴트_플럼듀,2.5555555555555554
데이지크_쥬시듀이틴트_피그베리,2.8
데이지크_쥬시듀이틴트_피그플럼,2.0
데이지크_쥬시듀이틴트_피치크러쉬,3.0
데이지크_쥬시듀이틴트_피치푸딩,2.5
데이지크_쥬시듀이틴트_핑크구아바,3.0
데이지크_크림드버터틴트_모브크림,1.894736842105263
데이지크_크림드버터틴트_솔티드버터,1.8076923076923077
데이지크_크림드버터틴트_카라멜브릭,2.4
데이지크_크림드버터틴트_카라멜브릭 ,1.8125
데이지크_크림드버터틴트_코튼플럼,1.9310344827586208
데이지크_푸르티립잼_라즈베리잼,3.0
데이지크_푸르티립잼_무화과잼,3.0
데이지크_푸르티립잼_복숭아잼,3.0
데이지크_푸르티립잼_애플잼,3.0
데이지크_푸르티립잼_쥬쥬브잼,3.0
데이지크_푸르티립잼_크랜베리잼,2.3333333333333335
데이지크_프루티립잼_감귤잼,2.8
데이지크_프루티립잼_딸기잼,2.8666666666666667
데이지크_프루티립잼_라즈베리잼,2.75
데이지크_프루티립잼_리치잼,2.85
데이지크_프루티립잼_무화과잼,3.0
데이지크_프루티립잼_복숭아잼,2.7
데이지크_프루티립잼_애프리콧잼,2.65
데이지크_프루티립잼_애플잼,2.75
데이지크_프루티립잼_자두잼,2.7058823529411766
데이지크_프루티립잼_쥬쥬브잼,2.95
데이지크_프루티립잼_체리잼,2.65
데이지크_프루티립잼_캐슈넛잼,2.9
데이지크_프루티립잼_크랜베리잼,2.85
딘토_블러글로이립틴트_그라티아,2.3333333333333335
딘토_블러글로이립틴트_노빌리타스,3.0
딘토_블러글로이립틴트_데보티오,3.0
딘토_블러글로이립틴트_데코럼,3.0
딘토_블러글로이립틴트_디그니타스,2.5
딘토_블러글로이립틴트_디비니타스,2.875
딘토_블러글로이립틴트_레베렌티아,2.4545454545454546
딘토_블러글로이립틴트_리베르타스,2.3333333333333335
딘토_블러글로이립틴트_메멘토모리,2.857142857142857
딘토_블러글로이립틴트_모데스티아,2.5
딘토_블러글로이립틴트_무니아,2.857142857142857
딘토_블러글로이립틴트_베누스,2.5
딘토_블러글로이립틴트_베니아,3.0
딘토_블러글로이립틴트_보눔,2.25
딘토_블러글로이립틴트_수이파마,2.857142857142857
딘토_블러글로이립틴트_스페스,3.0
딘토_블러글로이립틴트_아모르파티,2.2857142857142856
딘토_블러글로이립틴트_아베마리아,2.619047619047619
딘토_블러글로이립틴트_유스티티아,2.72
딘토_블러글로이립틴트_코르,3.0
딘토_블러글로이립틴트_코지타티오,2.65
딘토_블러글로이립틴트_테메트노스케,2.6363636363636362
딘토_블러글로이립틴트_테오볼렌테,2.6666666666666665
딘토_블러글로이립틴트_팍스,2.6
딘토_블러글로이립틴트_팍스로마나,3.0
딘토_블러글로이립틴트_피데스,2.75
딘토_블러글로이립틴트_피덴티아,2.6666666666666665
딘토_블러글로이립틴트_피아트룩스,2.5
라카_본딩글로우립스틱_뎁스,2.6666666666666665
라카_본딩글로우립스틱_리리,2.7
라카_본딩글로우립스틱_마크,2.566666666666667
라카_본딩글로우립스틱_멀드,2.5
라카_본딩글로우립스틱_미로,2.566666666666667
라카_본딩글로우립스틱_포쉬,2.793103448275862
라카_젤링누드글로스_복숭아링,2.7333333333333334
라카_젤링누드글로스_엔젤링,2.775
라카_젤링누드글로스_포도링,2.6296296296296298
라카_젤링누드글로스_피그링,2.6666666666666665
라카_프루티글램틴트_듀이,2.9285714285714284
라카_프루티글램틴트_어도어,2.857142857142857
라카_프루티글램틴트_엔비,2.4
라카_프루티글램틴트_조이풀,2.5454545454545454
라카_프루티글램틴트_체리,2.3333333333333335
라카_프루티글램틴트_카페인로즈,2.4285714285714284
라카_프루티글램틴트_캔디드,2.3333333333333335
라카_프루티글램틴트_콜드,2.7142857142857144
레미유_듀이플로우틴트_다운로즈,3.0
레미유_듀이플로우틴트_뮤트코랄,2.9047619047619047
레미유_듀이플로우틴트_브링러브,2.8
레미유_듀이플로우틴트_슈어쉬어,2.9
레미유_듀이플로우틴트_츄잇츄,2.8
레미유_듀이플로우틴트_칠링모브,2.9
레미유_듀이플로우틴트_쿠키드롭,2.85
레미유_듀이플로우틴트_플레저,2.7666666666666666
레미유_듀이플로우틴트_피치뮬리,3.0
레미유_듀이플로우틴트_핑크브리즈,2.6842105263157894
레미유_듀이플로우틴트_허니릿,2.85
레미유_모이스트립블러_데이드림,2.6666666666666665
레미유_모이스트립블러_로즐리,2.7333333333333334
레미유_모이스트립블러_멜로우,2.433333333333333
레미유_모이스트립블러_써니코랄,2.5
레미유_모이스트립블러_업텐션,2.566666666666667
레미유_코튼플러피틴트_더스티모브,1.0
레미유_코튼플러피틴트_번트브라운,1.0
레미유_코튼플러피틴트_빈티지로즈,1.7777777777777777
레미유_코튼플러피틴트_페이디드레드,2.2222222222222223
롬앤_글래스팅멜팅밤_소르베밤,2.7
롬앤_글래스팅멜팅밤_피칸브루,3.0
롬앤_글래스팅멜팅밤_히피베리,2.8
롬앤_글래스팅컬러글로스_그레이피웨이,2.85
롬앤_블러퍼지틴트_로지엔탈,2.2
롬앤_블러퍼지틴트_머스키,1.0
롬앤_블러퍼지틴트_모비쉬,2.2
롬앤_블러퍼지틴트_배드베리,1.588235294117647
롬앤_블러퍼지틴트_베리피즈,1.0
롬앤_블러퍼지틴트_언로즈,1.8333333333333333
롬앤_블러퍼지틴트_웜밍업,1.625
롬앤_블러퍼지틴트_코랄쥬빌레,1.5454545454545454
롬앤_블러퍼지틴트_쿨로즈업,1.6666666666666667
롬앤_블러퍼지틴트_쿨링업,1.9
롬앤_블러퍼지틴트_포멜로코,2.0
롬앤_블러퍼지틴트_피치다운,1.5555555555555556
롬앤_제로매트립스틱_레드히트,1.6
롬앤_제로매트립스틱_미드나잇,1.4
롬앤_제로매트립스틱_스모크드베이지,1.8
롬앤_제로벨벳틴트_그레인누드,1.7
롬앤_제로벨벳틴트_너드핑크,1.85
롬앤_제로벨벳틴트_딥소울,1.55
롬앤_제로벨벳틴트_러스크러스크,1.8
롬앤_제로벨벳틴트_버니누드,1.65
롬앤_제로벨벳틴트_번트하트,1.5263157894736843
롬앤_제로벨벳틴트_베리니트,1.75
롬앤_제로벨벳틴트_베리케이크,2.0
롬앤_제로벨벳틴트_빈티지토프,1.45
롬앤_제로벨벳틴트_빌런베스트,1.7
롬앤_제로벨벳틴트_아이시,2.0
롬앤_제로벨벳틴트_앤셜리,1.5
롬앤_제로벨벳틴트_얼그레이숄,1.65
롬앤_제로벨벳틴트_위티,1.85
롬앤_제로벨벳틴트_조이풀,1.9
롬앤_제로벨벳틴트_토스티누드,1.65
롬앤_제로벨벳틴트_펄시레드,1.95
롬앤_제로벨벳틴트_페이드레드,1.8
롬앤_제로벨벳틴트_페탈테슬,1.85
롬앤_제로벨벳틴트_피즈,2.0
롬앤_제로벨벳틴트_피칸타르트,1.3
롬앤_쥬시래스팅틴트_그레이프밤,2.8
롬앤_쥬시래스팅틴트_누카다미아,2.0
롬앤_쥬시래스팅틴트_다크코코넛,2.5
롬앤_쥬시래스팅틴트_도토리밤,3.0
롬앤_쥬시래스팅틴트_드래곤핑크,3.0
롬앤_쥬시래스팅틴트_멀드피치,2.0
롬앤_쥬시래스팅틴트_멜로우페어,2.6666666666666665
롬앤_쥬시래스팅틴트_베어그레이프,2.75
롬앤_쥬시래스팅틴트_베어애프리콧,2.3333333333333335
롬앤_쥬시래스팅틴트_베어에프리콧,2.0
롬앤_쥬시래스팅틴트_베어쥬시오,2.6666666666666665
롬앤_쥬시래스팅틴트_베어피그,2.8333333333333335
롬앤_쥬시래스팅틴트_브리즈피그,2.6666666666666665
롬앤_쥬시래스팅틴트_썸머센트,2.0
롬앤_쥬시래스팅틴트_오드그레이프,3.0
롬앤_쥬시래스팅틴트_쥬쥬브,3.0
롬앤_쥬시래스팅틴트_쥬쥬피그,2.2857142857142856
롬앤_쥬시래스팅틴트_체리밤,2.6
롬앤_쥬시래스팅틴트_코니소다,3.0
롬앤_쥬시래스팅틴트_파파야잼,3.0
롬앤_쥬시래스팅틴트_포멜로스킨,2.75
롬앤_쥬시래스팅틴트_플럼콕,3.0
롬앤_쥬시래스팅틴트_피그피그,3.0
롬앤_쥬시래스팅틴트_피치미,2.0
롬앤_쥬시래스팅틴트_피치피치미,2.4285714285714284
롬앤_쥬시래스팅틴트_핑크펌킨,3.0
릴리바이레드_글래시레이어픽싱틴트_디어모브,2.4
릴리바이레드_글래시레이어픽싱틴트_로지누드,2.7
릴리바이레드_글래시레이어픽싱틴트_로지로즈,2.375
릴리바이레드_글래시레이어픽싱틴트_머스캣샤워,2.9
릴리바이레드_글래시레이어픽싱틴트_슬러시드핑크,2.2
릴리바이레드_글래시레이어픽싱틴트_치키피치,3.0
릴리바이레드_글래시레이어픽싱틴트_콜드베리,2.7142857142857144
릴리바이레드_글래시레이어픽싱틴트_킬미플럼,2.8
릴리바이레드_무드라이어벨벳틴트_가식없는리치인척,1.75
릴리바이레드_무드라이어벨벳틴트_그윽한홍시인척,2.0
릴리바이레드_무드라이어벨벳틴트_무덤덤한무화과인척,2.25
릴리바이레드_무드라이어벨벳틴트_순수한사과인척,2.1176470588235294
릴리바이레드_무드라이어벨벳틴트_시니컬한블루베리인척,2.0
릴리바이레드_무드라이어벨벳틴트_우아한산딸기인척,2.1538461538461537
릴리바이레드_무드라이어벨벳틴트_자비없는포도인척,1.9375
릴리바이레드_무드라이어벨벳틴트_철없는체리인척,1.8333333333333333
릴리바이레드_무드라이어벨벳틴트_청초한살구인척,3.0
릴리바이레드_무드라이어벨벳틴트_치명적인석류인척,1.9375
릴리바이레드_앙큼라이어코팅틴트_굳센버찌인척,2.8
릴리바이레드_앙큼라이어코팅틴트_끼많은복숭아인척,2.45
릴리바이레드_앙큼라이어코팅틴트_당당한방토인척,2.7
릴리바이레드_앙큼라이어코팅틴트_맹랑한체리인척,2.75
릴리바이레드_앙큼라이어코팅틴트_무심한무화과인척,2.55
릴리바이레드_앙큼라이어코팅틴트_발그레한딸기인척,2.55
릴리바이레드_앙큼라이어코팅틴트_센치한리치인척,2.75
릴리바이레드_앙큼라이어코팅틴트_수줍은복숭아인척,2.5
릴리바이레드_앙큼라이어코팅틴트_쌉쌀한포도츄잉껌인척,2.4
릴리바이레드_앙큼라이어코팅틴트_톡쏘는포도풍선껌인척,2.8
릴리바이레드_쥬시라이어워터틴트_구아바모히토인척,2.55
릴리바이레드_쥬시라이어워터틴트_리치샹그리아인척,2.45
릴리바이레드_쥬시라이어워터틴트_블랙베리데낄라인척,2.25
릴리바이레드_쥬시라이어워터틴트_오렌지마가리타인척,2.45
릴리바이레드_쥬시라이어워터틴트_체리크러쉬인척,2.4
릴리바이레드_쥬시라이어워터틴트_플럼마티니인척,2.45
릴리바이레드_쥬시라이어워터틴트_핑크레몬피즈인척,2.45
릴리바이레드_쥬시라이어워터틴트_핑크커런트펀치인척,2.6
메리몽드_밀크하트틴트립앤치크_모브밀크,2.8461538461538463
메리몽드_밀크하트틴트립앤치크_뮤트밀크,2.7
메리몽드_밀크하트틴트립앤치크_스트로베리밀크,2.6666666666666665
메리몽드_밀크하트틴트립앤치크_캔디밀크,2.5555555555555554
메리몽드_체리하트메가틴트_리얼체리,2.0
메리몽드_체리하트메가틴트_모브체리,2.1666666666666665
메리몽드_체리하트메가틴트_뮤트체리,2.1904761904761907
메리몽드_체리하트메가틴트_버터체리,1.75
메리몽드_체리하트메가틴트_차분체리,2.75
메리몽드_체리하트메가틴트_크림체리,1.3333333333333333
메이블린_슈퍼스테이립잉크_댄서,1.7
메이블린_슈퍼스테이립잉크_링리더,1.6
메이블린_슈퍼스테이립잉크_마르살라레드,1.65
메이블린_슈퍼스테이립잉크_브릭레드,1.75
메이블린_슈퍼스테이립잉크_셀프스타터,1.9
메이블린_슈퍼스테이립잉크_아서티브,1.45
메이블린_슈퍼스테이립잉크_앰비셔스,1.45
메이블린_슈퍼스테이립잉크_칠리레드,1.65
메이블린_슈퍼스테이립잉크_히로인,1.55
메이블린_얼티매트립스틱_더스티로즈,2.2
메이블린_얼티매트립스틱_마르살라레드,1.7
메이블린_얼티매트립스틱_모브베리,1.75
메이블린_얼티매트립스틱_브릭로즈,2.1
메이블린_얼티매트립스틱_비비드핑크,1.95
메이블린_얼티매트립스틱_체리레드,2.0
메이블린_얼티매트립스틱_칠리레드,2.15
메이블린_얼티매트립스틱_코랄브라운,1.45
메이블린_얼티매트립스틱_페일누드핑크,1.55
메이블린_얼티매트립스틱_피치베이지,1.8
무지개맨션_오브제리퀴드틴트_노터블,1.9
무지개맨션_오브제리퀴드틴트_녹아웃,1.55
무지개맨션_오브제리퀴드틴트_도미넌트,1.9
무지개맨션_오브제리퀴드틴트_래비쉬,1.7
무지개맨션_오브제리퀴드틴트_베일리,1.9
무지개맨션_오브제리퀴드틴트_소프티,1.7894736842105263
무지개맨션_오브제리퀴드틴트_스터닝,1.75
무지개맨션_오브제리퀴드틴트_스트레인저,1.65
무지개맨션_오브제리퀴드틴트_시퀀스,1.95
무지개맨션_오브제리퀴드틴트_심볼,1.7
무지개맨션_오브제리퀴드틴트_애프터,2.0
무지개맨션_오브제리퀴드틴트_어펙션,1.7
무지개맨션_오브제리퀴드틴트_어필,1.5
무지개맨션_오브제리퀴드틴트_언던,1.75
무지개맨션_오브제리퀴드틴트_칠린,1.65
무지개맨션_오브제리퀴드틴트_텐션,1.7
무지개맨션_오브제리퀴드틴트_퍼셉션,1.85
무지개맨션_오브제리퀴드틴트_포이즈,1.8
무지개맨션_오브제리퀴드틴트_프라이드,1.75
무지개맨션_오브제리퀴드틴트_플레져,1.8571428571428572
무지개맨션_오브제워터틴트_디바,1.7
무지개맨션_오브제워터틴트_레어,1.95
무지개맨션_오브제워터틴트_비하인드,2.0
무지개맨션_오브제워터틴트_셀럽,2.15
무지개맨션_오브제워터틴트_스파이시,2.15
무지개맨션_오브제워터틴트_시그니처,1.9333333333333333
무지개맨션_오브제워터틴트_포쉬,1.95
무지개맨션_오브제워터틴트_피치,1.95
뮤드_글라세립틴트_모브모어,2.0
뮤드_글라세립틴트_오운핑크,2.5555555555555554
뮤드_글라세립틴트_위켄드,3.0
뮤드_글라세립틴트_윈디,2.8
뮤드_글라세립틴트_코랄글라세,2.8333333333333335
뮤드_글라세립틴트_콜드체리,3.0
뮤드_글라세립틴트_플러미,3.0
뮤드_소프트블러틴트_러스티슈가,1.5
뮤드_소프트블러틴트_메이플,1.0
뮤드_소프트블러틴트_번트시에나,1.0
뮤드_소프트블러틴트_베리팟,1.6666666666666667
뮤드_소프트블러틴트_소울모브,1.0
뮤드_소프트블러틴트_스무디,2.75
뮤드_소프트블러틴트_인스파이어,1.6666666666666667
뮤드_소프트블러틴트_체리아워,3.0
뮤드_소프트블러틴트_퍼피,1.0
뮤드_소프트블러틴트_페일페탈,1.8333333333333333
뮤드_소프트블러틴트_프렌치플럼,1.0
뮤드_소프트블러틴트_하트워밍,2.3333333333333335
바닐라코_글로우베일립스틱_러브미,2.8823529411764706
바닐라코_글로우베일립스틱_블리스,2.5555555555555554
바닐라코_글로우베일립스틱_슈가코랄,2.625
바닐라코_글로우베일립스틱_애플캔디,2.25
바닐라코_글로우베일립스틱_쥬시피즈,3.0
바닐라코_글로우베일립스틱_핑크플레저,2.75
바닐라코_벨벳블러드베일립스틱_더스티로즈,2.0
바닐라코_벨벳블러드베일립스틱_드리머,1.5
바닐라코_벨벳블러드베일립스틱_러스틱,1.6666666666666667
바닐라코_벨벳블러드베일립스틱_로지페탈,1.6428571428571428
바닐라코_벨벳블러드베일립스틱_미스틱로즈,1.3333333333333333
바닐라코_벨벳블러드베일립스틱_바비핑크,1.6666666666666667
바닐라코_벨벳블러드베일립스틱_선셋,1.75
바닐라코_벨벳블러드베일립스틱_스모크모브,1.6428571428571428
바닐라코_벨벳블러드베일립스틱_스타일아이콘,1.0
바닐라코_벨벳블러드베일립스틱_오렌지블러쉬,1.6666666666666667
바닐라코_벨벳블러드베일립스틱_위스퍼링핑크,1.6363636363636365
바닐라코_벨벳블러드베일립스틱_코랄실루엣,1.5
바닐라코_벨벳블러드베일립스틱_클로짓,1.5555555555555556
바닐라코_벨벳블러드베일립스틱_플릿츠,1.25
바닐라코_쉬어벨벳베일틴트_러브미,1.8181818181818181
바닐라코_쉬어벨벳베일틴트_로지어페어,1.0
바닐라코_쉬어벨벳베일틴트_발레리나,1.5161290322580645
바닐라코_쉬어벨벳베일틴트_브릭베이크,1.8
바닐라코_쉬어벨벳베일틴트_빈티지멜로우,1.6
바닐라코_쉬어벨벳베일틴트_캐시미어,1.3333333333333333
바닐라코_쉬어벨벳베일틴트_텐더브리즈,1.7272727272727273
바닐라코_쉬어벨벳베일틴트_프렌치레드,1.6666666666666667
바닐라코_쉬어벨벳베일틴트_피그모브,1.5625
바닐라코_쉬어벨벳베일틴트_피오리,2.0
바비브라운_럭스립스틱_레트로코랄,2.2222222222222223
바비브라운_럭스립스틱_선셋오렌지,2.0
바비브라운_럭스립스틱_파리지안레드,2.375
바비브라운_럭스립스틱_히비스커스,2.1875
베네피트_스플래시듀이틴트_슬러시,2.6
베네피트_스플래시듀이틴트_아일스타일,2.566666666666667
베네피트_스플래시듀이틴트_허니무너,2.2666666666666666
삐아_라스트벨벳틴트_꽃보다살랑,2.2
삐아_라스트벨벳틴트_다정보스,2.1
삐아_라스트벨벳틴트_다큐의정석,2.05
삐아_라스트벨벳틴트_로코의정석,1.9
삐아_라스트벨벳틴트_막장의정석,1.95
삐아_라스트벨벳틴트_멜로의정석,1.95
삐아_라스트벨벳틴트_무드갑,1.85
삐아_라스트벨벳틴트_생기갑,1.85
삐아_라스트벨벳틴트_썸머로즈,1.85
삐아_라스트벨벳틴트_썸머베리,1.75
삐아_라스트벨벳틴트_여리갑,1.75
삐아_라스트벨벳틴트_진지보스,2.35
삐아_라스트벨벳틴트_침착보스,2.0
삐아_라스트벨벳틴트_흥행의정석,2.15
삐아_로틴트_가데니아로,2.5
삐아_로틴트_라일락로,2.6
삐아_로틴트_매그놀리아로,2.7
삐아_로틴트_플레르로,2.8
삐아_로틴트_피오니로,2.6
삐아_로틴트_피치로,2.55
삐아_로틴트_핑크로,2.65
아떼_어센틱에어리립밤_써니사이드업,1.6666666666666667
아떼_어센틱에어리립밤_쏘웜,3.0
아떼_어센틱에어리립밤_체리베리머치,2.230769230769231
아떼_어센틱에어리립밤_칠리,2.3333333333333335
아떼_어센틱에어리립밤_핑크어랏,2.142857142857143
아떼_어센틱에어리립밤_헤이즈,2.2857142857142856
어뮤즈_듀틴트_라비앙코랄,2.9
어뮤즈_듀틴트_플리징,2.75
어뮤즈_듀틴트_힙지로,2.9
에뛰드_오버글로이틴트_깜고로즈젤리,2.7
에뛰드_오버글로이틴트_또리한애플레드,2.65
에뛰드_오버글로이틴트_밤비체리,2.65
에뛰드_오버글로이틴트_수달리쉬브라운,2.7
에뛰드_오버글로이틴트_치유의피치숲,2.6
에뛰드_오버글로이틴트_확신의핑크스톤,2.65
에뛰드_픽싱틴트_로즈라일락,1.5
에뛰드_픽싱틴트_로즈블렌딩,1.8333333333333333
에뛰드_픽싱틴트_미드나잇모브,2.142857142857143
에뛰드_픽싱틴트_바인핑크,1.75
에뛰드_픽싱틴트_베이크드피칸,1.9
에뛰드_픽싱틴트_우디핑크,2.0
에뛰드_픽싱틴트_코랄브리즈,1.75
에뛰드_픽싱틴트_쿨핑온탑,1.8148148148148149
에뛰드_픽싱틴트_크랜베리플럼,2.1
에뛰드_픽싱틴트_핑크스프링클,1.5714285714285714
에뛰드_픽싱틴트_핑크피그,2.4
에스쁘아_더슬릭립스틱크림매트_포지,1.5
오에니르_듀잇틴트_돌체크림,2.888888888888889
오에니르_듀잇틴트_러브모어,3.0
오에니르_듀잇틴트_모브누드,2.857142857142857
오에니르_듀잇틴트_살구베이비,2.8
오에니르_듀잇틴트_코코버디,3.0
오에니르_듀잇틴트_페어리윙크,2.8
오에니르_아워글로우립_루티나,2.6
오에니르_아워글로우립_멜로우,2.736842105263158
오에니르_아워글로우립_윈디아,2.5
오에니르_아워글로우립_칠리쉬,2.6666666666666665
오에니르_아워글로우립_토스티,2.764705882352941
오에니르_아워글로우립_플러밍,2.5
웨이크메이크_워터블러링픽싱틴트_레드체크아웃,2.5
웨이크메이크_워터블러링픽싱틴트_모비쉬핑크,2.0
웨이크메이크_워터블러링픽싱틴트_뮤트어페어,1.4
웨이크메이크_워터블러링픽싱틴트_베리피즈,1.5
웨이크메이크_워터블러링픽싱틴트_빈노이즈,1.8
웨이크메이크_워터블러링픽싱틴트_소프트브릭,2.0
웨이크메이크_워터블러링픽싱틴트_스프링라이크핑크,1.8
웨이크메이크_워터블러링픽싱틴트_썬사이드플롯,2.25
웨이크메이크_워터블러링픽싱틴트_썬필터드,2.142857142857143
웨이크메이크_워터블러링픽싱틴트_어텀뮬리,1.9090909090909092
웨이크메이크_워터블러링픽싱틴트_오리엔탈루비,1.7333333333333334
웨이크메이크_워터블러링픽싱틴트_오션핑크,1.5
웨이크메이크_워터블러링픽싱틴트_젠틀브릭,2.3333333333333335
웨이크메이크_워터블러링픽싱틴트_탠드저린,2.0
웨이크메이크_워터블러링픽싱틴트_텐더모브,2.25
웨이크메이크_워터블러링픽싱틴트_페탈드,1.7777777777777777
웨이크메이크_워터블러링픽싱틴트_피그블룸,1.8666666666666667
웨이크메이크_워터블러링픽싱틴트_피그올로지,1.875
웨이크메이크_워터블러링픽싱틴트_피치비치,2.0
웨이크메이크_워터블러링픽싱틴트_핑크미터,1.7727272727272727
웨이크메이크_워터블러링픽싱틴트_핑크하이웨이,2.3333333333333335
코스노리_워터블러리틴트_러브페어링,2.8333333333333335
코스노리_워터블러리틴트_로즈두,2.8461538461538463
코스노리_워터블러리틴트_리저브무드,2.625
코스노리_워터블러리틴트_빈티지모브,2.5714285714285716
코스노리_워터블러리틴트_오브마티니,1.9
키보_도톰립플러스립플럼퍼_그레이프콕,2.5
키보_도톰립플러스립플럼퍼_무화과스무디,2.0
키보_도톰립플러스립플럼퍼_스르핑글래스,3.0
키보_도톰립플러스립플럼퍼_스프링글래스,2.8333333333333335
키보_도톰립플러스립플럼퍼_스프링글리터,3.0
키보_도톰립플러스립플럼퍼_스프링달링,2.5
키보_도톰립플러스립플럼퍼_앵두쨈,3.0
키보_도톰립플러스립플럼퍼_원터오브미,3.0
키보_도톰립플러스립플럼퍼_윈터베리,2.75
키보_도톰립플러스립플럼퍼_윈터오브미,3.0
키보_도톰립플러스립플럼퍼_체리에이드,3.0
키보_도톰립플러스립플럼퍼_핑크크러쉬,2.0
키스미_아이라이트블러리픽싱틴트_로지데저트,2.0
키스미_아이라이트블러리픽싱틴트_릿치레드,2.3333333333333335
키스미_아이라이트블러리픽싱틴트_모비쉬다프네,1.8
키스미_아이라이트블러리픽싱틴트_스모키로즈,1.7647058823529411
키스미_아이라이트블러리픽싱틴트_콜드루비,1.8888888888888888
키스미_아이라이트블러리픽싱틴트_퍼시몬코랄,1.6428571428571428
투쿨포스쿨_끌레어틴트_글림레드,3.0
투쿨포스쿨_끌레어틴트_러디피치,2.75
투쿨포스쿨_끌레어틴트_로지뷰,3.0
투쿨포스쿨_끌레어틴트_로지스웨이,2.5714285714285716
투쿨포스쿨_끌레어틴트_리치라이즈,2.75
투쿨포스쿨_끌레어틴트_문더스트,2.625
투쿨포스쿨_끌레어틴트_미러베리,2.466666666666667
투쿨포스쿨_끌레어틴트_포그선셋,2.7142857142857144
투쿨포스쿨_플레르틴트_드리즐,2.6875
투쿨포스쿨_플레르틴트_티어풀,2.789473684210526
투쿨포스쿨_플레르틴트_플랍,2.6315789473684212
투쿨포스쿨_플레르틴트_플래쉬,2.5
투쿨포스쿨_플레르틴트_휘슬링,2.75
투쿨포스쿨_픽싱블러립_모노로즈,2.0
투쿨포스쿨_픽싱블러립_버닝베이지,1.4
투쿨포스쿨_픽싱블러립_칠링로즈,2.2142857142857144
투쿨포스쿨_픽싱블러립_페탈핑크,1.5
투쿨포스쿨_픽싱블러립_포지코랄,1.9166666666666667
투쿨포스쿨_픽싱블러립_프루아레드,1.4285714285714286
투쿨포스쿨_픽싱블러립_피치릿,2.1333333333333333
페리페라_잉크더벨벳_ 누디플로우,3.0
페리페라_잉크더벨벳_ 하트백만개,2.0
페리페라_잉크더벨벳_ 햇살주의보,1.5
페리페라_잉크더벨벳_누디라떼,1.0
페리페라_잉크더벨벳_누디풀데이,2.0
페리페라_잉크더벨벳_누디플로우,2.0
페리페라_잉크더벨벳_봄상특파원,1.0
페리페라_잉크더벨벳_페립포터,3.0
페리페라_잉크더벨벳_품절대란,1.6
페리페라_잉크더벨벳_하트백만개,1.6666666666666667
페리페라_잉크더벨벳_햇살주의보,2.0
페리페라_잉크더에어리벨벳_내안에피치,2.0
페리페라_잉크더에어리벨벳_너지금무화과,1.8333333333333333
페리페라_잉크더에어리벨벳_넘흐로즈넹,2.3333333333333335
페리페라_잉크더에어리벨벳_딱복피치,1.0
페리페라_잉크더에어리벨벳_땡큐베리마치,2.0
페리페라_잉크더에어리벨벳_로즈림픽,2.25
페리페라_잉크더에어리벨벳_로즈맛꿀마,2.6666666666666665
페리페라_잉크더에어리벨벳_로즈추구미,2.1666666666666665
페리페라_잉크더에어리벨벳_물복피치,2.0
페리페라_잉크더에어리벨벳_미모열일,2.3333333333333335
페리페라_잉크더에어리벨벳_심장폭격,2.1666666666666665
페리페라_잉크더에어리벨벳_이거다살구,2.0
페리페라_잉크더에어리벨벳_정신체리,2.3125
페리페라_잉크더에어리벨벳_제당로즈만,2.4
페리페라_잉크더에어리벨벳_최애쁨템,2.1666666666666665
페리페라_잉크더에어리벨벳_피치나는솔로,3.0
페리페라_잉크더에어리벨벳_확신의피치상,2.0
퓌_3D볼류밍글로스_바닐라30,2.875
퓌_3D볼류밍글로스_바닐라70,2.909090909090909
퓌_3D볼류밍글로스_소르베30,2.6666666666666665
퓌_3D볼류밍글로스_소르베70,3.0
퓌_3D볼류밍글로스_스카치30,3.0
퓌_3D볼류밍글로스_스카치70,3.0
퓌_3D볼류밍글로스_앵두30,2.5714285714285716
퓌_3D볼류밍글로스_앵두70,3.0
퓌_3D볼류밍글로스_캔디30,2.75
퓌_3D볼류밍글로스_캔디70,3.0
퓌_3D볼류밍글로스_커런트30,2.857142857142857
퓌_3D볼류밍글로스_커런트70,3.0
피브_컬러드롭립틴트_노메이크업,2.9375
피브_컬러드롭립틴트_로지코지,2.6666666666666665
피브_컬러드롭립틴트_마이베스티스,3.0
피브_컬러드롭립틴트_미닝아웃,2.8
피브_컬러드롭립틴트_밀키피치,3.0
피브_컬러드롭립틴트_애프터스쿼트,2.75
피브_컬러드롭립틴트_위티플럼,2.75
피브_컬러드롭립틴트_칠링칠리,2.8333333333333335
피브_컬러드롭립틴트_피터패트,2.736842105263158
피브_컬러드롭립틴트_허밍모브,3.0
힌스_로글로우젤틴트_로그레이프,2.75
힌스_로글로우젤틴트_로로즈,2.75
힌스_로글로우젤틴트_로프리콧,2.75
힌스_로글로우젤틴트_베어,2.75
힌스_로글로우젤틴트_칠,2.9
힌스_로글로우젤틴트_피버,2.6
힌스_로글로우젤틴트_히비스커스,2.7
