File Name,Color Index,Red,Green,Blue,Max Proportion
3CE_드롭글로우젤_CALMING.png,1,163,79,96,100.00%
3CE_드롭글로우젤_ESSENTIAL.png,1,166,84,88,58.71%
3CE_드롭글로우젤_MILDER.png,1,185,81,110,100.00%
3CE_드롭글로우젤_NEAT.png,1,195,77,92,93.65%
3CE_드롭글로우젤_RAWAPPLE.png,1,209,36,73,70.15%
3CE_드롭글로우젤_SHY.png,1,219,59,91,100.00%
3CE_드롭글로우젤_VERYSURE.png,1,153,42,65,72.20%
3CE_드롭글로우젤_WEEKEND.png,1,146,68,66,99.97%
3CE_드롭글로우젤_WONDER.png,1,123,38,70,99.47%
3CE_드롭글로우젤_YOUTH.png,1,219,98,97,54.77%
3CE_무드레시피매트립컬러_INKEDHEART.png,1,169,104,82,96.17%
3CE_무드레시피매트립컬러_ROWS.png,1,184,116,94,56.26%
3CE_벨벳립틴트_ABSORBED.png,1,203,60,67,78.05%
3CE_벨벳립틴트_BESTEVER.png,1,228,8,31,99.54%
3CE_벨벳립틴트_BITTERHOUR.png,1,144,69,47,100.00%
3CE_벨벳립틴트_CASHMERENUDE.png,1,202,102,100,83.79%
3CE_벨벳립틴트_CHIDLIKE.png,1,225,28,4,92.63%
3CE_벨벳립틴트_COZYCRUSH.png,1,203,126,125,81.24%
3CE_벨벳립틴트_DAFFODIL.png,1,191,59,50,97.36%
3CE_벨벳립틴트_DEFINITION.png,1,130,34,36,66.88%
3CE_벨벳립틴트_FADEIN.png,1,151,78,93,90.35%
3CE_벨벳립틴트_GOINGRIGHT.png,1,207,86,76,100.00%
3CE_벨벳립틴트_KNOWBETTER.png,1,161,48,80,100.00%
3CE_벨벳립틴트_LIKEGENTLE.png,1,216,117,99,99.24%
3CE_벨벳립틴트_NEWNUDE.png,1,218,118,93,100.00%
3CE_벨벳립틴트_PINKBREAK.png,1,229,83,106,100.00%
3CE_벨벳립틴트_PRIVATE.png,1,181,0,0,74.74%
3CE_벨벳립틴트_SIMPLYSPEAKING.png,1,218,63,51,99.24%
3CE_벨벳립틴트_SPEAKUP.png,1,150,53,39,82.51%
3CE_벨벳립틴트_TAUPE.png,1,125,36,6,87.27%
3CE_벨벳립틴트_THINKAGAIN.png,1,210,97,78,99.74%
3CE_벨벳립틴트_WALKNWALK.png,1,185,100,81,91.24%
3CE_블러매트립스틱_BREEZY MELODY.png,1,179,76,67,97.88%
3CE_블러매트립스틱_INTHEFOG.png,1,187,117,117,70.91%
3CE_블러매트립스틱_MAUVEDRIZZLE.png,1,121,41,56,97.59%
3CE_블러매트립스틱_MISTYDAY.png,1,189,68,85,74.55%
3CE_블러매트립스틱_NEWTROWAVE.png,1,141,51,49,100.00%
3CE_블러매트립스틱_PEANUTBEIGE.png,1,170,104,87,80.93%
3CE_블러매트립스틱_PURELAYER.png,1,201,87,92,95.93%
3CE_블러매트립스틱_SALTYCINNAMON.png,1,134,76,68,100.00%
3CE_블러매트립스틱_TANGERINETANGO.png,1,165,68,63,100.00%
3CE_블러매트립스틱_UNKNOWNWAY.png,1,145,83,99,100.00%
3CE_블러워터틴트_BAKEBEIGE.png,1,192,93,69,72.79%
3CE_블러워터틴트_BREEZEWAY.png,1,209,94,60,98.68%
3CE_블러워터틴트_CASUALAFFAIR.png,1,194,68,72,51.04%
3CE_블러워터틴트_CHASINGROSE.png,1,211,97,93,100.00%
3CE_블러워터틴트_CORALMOON.png,1,217,75,66,100.00%
3CE_블러워터틴트_DEARMARCH.png,1,186,101,94,100.00%
3CE_블러워터틴트_DOUBLEWIND.png,1,169,53,62,100.00%
3CE_블러워터틴트_EARLYHOUR.png,1,185,79,74,62.31%
3CE_블러워터틴트_FIRSTLETTER.png,1,214,89,75,100.00%
3CE_블러워터틴트_LAYDOWN.png,1,189,88,73,81.09%
3CE_블러워터틴트_MOREPEACH.png,1,229,125,78,100.00%
3CE_블러워터틴트_NIGHTTALK.png,1,186,95,100,100.00%
3CE_블러워터틴트_PINKGUAVA.png,1,214,65,72,100.00%
3CE_블러워터틴트_PLAYOFF.png,1,217,28,31,48.86%
3CE_블러워터틴트_SEPIA.png,1,181,56,53,97.65%
3CE_블러워터틴트_SPOTPLAYER.png,1,222,45,64,95.21%
3CE_블러워터틴트_WARMTH.png,1,205,114,96,98.55%
3CE_샤인리플렉터_COLDEST.png,1,126,64,80,100.00%
3CE_샤인리플렉터_LILACGLAZE.png,1,186,115,134,100.00%
3CE_샤인리플렉터_MILKYSHADOW.png,1,176,126,107,99.99%
3CE_샤인리플렉터_NECTAR.png,1,125,71,65,100.00%
3CE_샤인리플렉터_OPALSHOWER.png,1,198,147,146,72.80%
3CE_샤인리플렉터_RAINORSHINE.png,1,199,103,110,99.17%
3CE_샤인리플렉터_SOFTEST.png,1,204,131,124,100.00%
3CE_소프트매트립스틱_CHILLMOVE.png,1,143,76,71,100.00%
3CE_소프트매트립스틱_ETERNALWARM.png,1,175,112,91,82.37%
3CE_소프트매트립스틱_FOCUSONME.png,1,208,114,97,80.91%
3CE_소프트매트립스틱_GIVINGPLEASURE.png,1,200,105,85,61.66%
3CE_소프트매트립스틱_HAZYROSE.png,1,163,83,82,61.88%
3CE_소프트매트립스틱_KINDNLOVE.png,1,209,126,104,100.00%
3CE_소프트매트립스틱_MURMURING.png,1,208,129,117,100.00%
3CE_소프트매트립스틱_ORANGEBREEZE.png,1,169,90,68,97.44%
3CE_소프트매트립스틱_REDMUSE.png,1,204,78,71,95.65%
3CE_소프트매트립스틱_SENSUALBREEZE.png,1,178,106,94,95.10%
3CE_소프트매트립스틱_SMOKEPINK.png,1,196,97,91,99.41%
3CE_소프트매트립스틱_SOFTMELLOW.png,1,189,106,84,94.50%
3CE_소프트매트립스틱_SPEAKTOME.png,1,168,77,65,97.86%
3CE_소프트매트립스틱_UNSTAINEDRED.png,1,175,84,70,70.54%
3CE_소프트매트립스틱_WARMISHMOVE.png,1,192,121,90,97.10%
3CE_소프트매트립스틱_WARNINGWEAR.png,1,212,128,96,100.00%
3CE_소프트매트립스틱_WAYBACK.png,1,181,118,102,78.64%
3CE_헤이지립클레이_BUTTERBEIGE.png,1,188,98,80,81.69%
3CE_헤이지립클레이_CHERRYFLUFF.png,1,174,68,81,71.60%
3CE_헤이지립클레이_COMMONSTRANGER.png,1,176,72,62,87.04%
3CE_헤이지립클레이_FIGGY.png,1,137,60,76,100.00%
3CE_헤이지립클레이_HIPAMINE.png,1,148,64,62,99.07%
3CE_헤이지립클레이_MAUVROWN.png,1,180,92,101,99.83%
3CE_헤이지립클레이_PAINTINGCOT.png,1,170,64,66,94.08%
3CE_헤이지립클레이_PLUMPUDDING.png,1,121,33,52,98.15%
3CE_헤이지립클레이_TYPEGIRL.png,1,176,68,94,94.78%
3CE_헤이지립클레이_WARMBROWNIE.png,1,140,78,65,99.97%
3CE_헤이지립클레이_WHIPRED.png,1,161,50,53,97.26%
네이밍_듀이글래스립틴트_데어.png,1,213,99,73,79.64%
네이밍_듀이글래스립틴트_리플.png,1,229,82,62,100.00%
네이밍_듀이글래스립틴트_어바이드.png,1,134,49,57,99.80%
네이밍_듀이글래스립틴트_컴리.png,1,215,44,63,50.64%
네이밍_듀이글래스립틴트_페르소나.png,1,231,90,107,99.67%
네이밍_듀이글래스립틴트_페얼리.png,1,73,8,26,100.00%
네이밍_듀이글래스립틴트_하운드.png,1,149,73,88,100.00%
네이밍_프라임포그립틴트_그레이트풀.png,1,101,13,23,54.60%
네이밍_프라임포그립틴트_뉴데이.png,1,163,76,58,99.34%
네이밍_프라임포그립틴트_렛인.png,1,173,68,70,40.13%
네이밍_프라임포그립틴트_리썸.png,1,146,54,55,50.14%
네이밍_프라임포그립틴트_아웃윗.png,1,128,39,43,76.94%
네이처리퍼블릭_허니멜팅립_고소한코코넛.png,1,191,96,83,77.32%
네이처리퍼블릭_허니멜팅립_무화과한스푼.png,1,253,167,157,99.70%
네이처리퍼블릭_허니멜팅립_블랙체리슈.png,1,229,89,123,88.63%
네이처리퍼블릭_허니멜팅립_살구가득.png,1,218,121,96,100.00%
네이처리퍼블릭_허니멜팅립_상큼달콤리치.png,1,210,95,103,99.31%
네이처리퍼블릭_허니멜팅립_석류듬뿍.png,1,222,67,62,88.07%
네이처리퍼블릭_허니멜팅립_여리베리.png,1,210,83,98,91.93%
네이처리퍼블릭_허니멜팅립_잘익은자두.png,1,143,62,53,100.00%
네이처리퍼블릭_허니멜팅립_쫀득복숭아.png,1,239,127,116,100.00%
네이처리퍼블릭_허니멜팅립_탱글포도.png,1,180,48,98,100.00%
누즈_무스립추얼_러비코랄.png,1,174,55,62,100.00%
누즈_무스립추얼_모브레인.png,1,132,64,72,100.00%
누즈_무스립추얼_무스비레드.png,1,152,48,56,100.00%
누즈_무스립추얼_베어베이지.png,1,133,59,61,83.12%
누즈_무스립추얼_키치핑크.png,1,190,76,90,99.94%
누즈_무스립추얼_플럼미.png,1,107,27,39,96.91%
누즈_컬러케어립밤_모브무브.png,1,155,57,58,91.87%
누즈_컬러케어립밤_쏘레드.png,1,172,26,47,98.55%
누즈_컬러케어립밤_카밍코랄.png,1,252,59,43,100.00%
누즈_컬러케어립밤_프렌치누드.png,1,151,58,50,100.00%
누즈_컬러케어립밤_헤이우디.png,1,158,41,50,63.31%
누즈_케어립추얼_디핀체리.png,1,174,63,104,100.00%
누즈_케어립추얼_레디쉬허.png,1,154,65,74,100.00%
누즈_케어립추얼_몰튼피넛.png,1,156,80,82,93.54%
누즈_케어립추얼_바이선셋.png,1,150,64,69,100.00%
누즈_케어립추얼_쿨리쉬.png,1,161,67,95,100.00%
누즈_케어립추얼_쿨베이브.png,1,171,90,113,84.09%
누즈_케어립추얼_탠드아워.png,1,164,81,95,100.00%
누즈_케어립추얼_포지로지.png,1,154,68,71,94.11%
누즈_케어립추얼_핀베리.png,1,131,51,67,99.95%
더샘_새미스시럽샷멜팅밤_그레이프잼.png,1,157,81,92,100.00%
더샘_새미스시럽샷멜팅밤_누가피넛.png,1,224,160,121,100.00%
더샘_새미스시럽샷멜팅밤_애플샤워.png,1,221,82,97,100.00%
더샘_새미스시럽샷멜팅밤_피그뮬리.png,1,192,81,80,100.00%
더샘_새미스시럽샷멜팅밤_피치콧.png,1,237,133,115,100.00%
더샘_새미스에이드샷틴트_로즈히비스커스.png,1,186,53,63,99.01%
더샘_새미스에이드샷틴트_리치캐모마일.png,1,235,79,117,100.00%
더샘_새미스에이드샷틴트_바이올렛진.png,1,181,83,112,76.53%
더샘_새미스에이드샷틴트_애플시나몬.png,1,178,73,72,66.84%
더샘_새미스에이드샷틴트_자몽허니.png,1,227,85,74,100.00%
더샘_새미스에이드샷틴트_피치우롱.png,1,220,70,84,100.00%
데이지크_멜팅캔디밤_누디피그.png,1,242,99,111,63.11%
데이지크_멜팅캔디밤_로즈밀크티.png,1,213,91,89,100.00%
데이지크_멜팅캔디밤_리치크림.png,1,234,102,98,92.79%
데이지크_멜팅캔디밤_슈가플럼.png,1,235,73,106,100.00%
데이지크_멜팅캔디밤_스윗포멜로.png,1,253,97,89,66.25%
데이지크_멜팅캔디밤_애플시나몬.png,1,212,74,61,100.00%
데이지크_멜팅캔디밤_젠틀피치.png,1,241,102,88,70.45%
데이지크_멜팅캔디밤_체리피즈.png,1,251,85,122,77.75%
데이지크_멜팅캔디밤_캔디소다.png,1,255,81,106,100.00%
데이지크_멜팅캔디밤_크랜베리휩.png,1,233,71,103,100.00%
데이지크_무드글로우립스틱_누드펌킨.png,1,214,110,92,94.98%
데이지크_무드글로우립스틱_로즈힙.png,1,219,105,101,72.10%
데이지크_무드글로우립스틱_멜로우코랄.png,1,236,116,106,99.41%
데이지크_무드글로우립스틱_베이비살몬.png,1,238,153,136,99.51%
데이지크_무드글로우립스틱_체리드롭.png,1,228,78,86,96.99%
데이지크_무드글로우립스틱_크림샌드.png,1,214,116,106,84.23%
데이지크_무드글로우립스틱_피치스.png,1,219,99,81,92.84%
데이지크_무드글로우립스틱_핑크베리.png,1,232,113,136,99.20%
데이지크_워터블러틴트_라벤더크림.png,1,190,91,118,100.00%
데이지크_워터블러틴트_로지코랄.png,1,205,101,102,94.74%
데이지크_워터블러틴트_리치피치.png,1,218,104,104,65.32%
데이지크_워터블러틴트_베리베리.png,1,192,79,120,100.00%
데이지크_워터블러틴트_베리에이드.png,1,235,85,148,98.71%
데이지크_워터블러틴트_스위모브.png,1,172,79,96,98.01%
데이지크_워터블러틴트_저스트피치.png,1,225,116,100,100.00%
데이지크_워터블러틴트_칠링.png,1,172,46,83,100.00%
데이지크_워터블러틴트_피치듀.png,1,239,140,120,100.00%
데이지크_워터블러틴트_피치에이드.png,1,195,103,102,60.95%
데이지크_쥬시듀이틴트_러브코랄.png,1,239,123,108,100.00%
데이지크_쥬시듀이틴트_로즈애플.png,1,214,67,82,100.00%
데이지크_쥬시듀이틴트_멜론샤벳.png,1,245,97,99,70.88%
데이지크_쥬시듀이틴트_모브무드.png,1,203,103,108,83.80%
데이지크_쥬시듀이틴트_모브베리.png,1,233,70,99,100.00%
데이지크_쥬시듀이틴트_무드망고.png,1,246,134,115,100.00%
데이지크_쥬시듀이틴트_베리슈.png,1,232,123,156,100.00%
데이지크_쥬시듀이틴트_베어누드.png,1,195,97,82,94.08%
데이지크_쥬시듀이틴트_스위티핑크.png,1,223,94,115,96.46%
데이지크_쥬시듀이틴트_스윗마롱.png,1,237,113,108,100.00%
데이지크_쥬시듀이틴트_오렌지콕.png,1,250,112,89,98.68%
데이지크_쥬시듀이틴트_체리소다.png,1,233,65,90,100.00%
데이지크_쥬시듀이틴트_칠리셔벗.png,1,231,88,79,88.46%
데이지크_쥬시듀이틴트_코랄피즈.png,1,249,100,96,100.00%
데이지크_쥬시듀이틴트_파파야밀크.png,1,240,134,129,100.00%
데이지크_쥬시듀이틴트_플럼듀.png,1,222,25,80,84.26%
데이지크_쥬시듀이틴트_피그베리.png,1,236,94,105,82.48%
데이지크_쥬시듀이틴트_피그플럼.png,1,194,91,122,100.00%
데이지크_쥬시듀이틴트_피치크러쉬.png,1,250,75,90,99.90%
데이지크_쥬시듀이틴트_피치푸딩.png,1,238,123,128,100.00%
데이지크_쥬시듀이틴트_핑크구아바.png,1,248,86,123,94.18%
데이지크_크림드버터틴트_모브크림.png,1,215,120,125,100.00%
데이지크_크림드버터틴트_솔티드버터.png,1,208,110,104,96.58%
데이지크_크림드버터틴트_카라멜브릭.png,1,179,86,73,76.74%
데이지크_크림드버터틴트_코튼플럼.png,1,192,88,99,100.00%
데이지크_프루티립잼_감귤잼.png,1,217,89,79,75.60%
데이지크_프루티립잼_딸기잼.png,1,235,105,137,89.33%
데이지크_프루티립잼_라즈베리잼.png,1,236,113,129,100.00%
데이지크_프루티립잼_리치잼.png,1,175,94,105,64.12%
데이지크_프루티립잼_무화과잼.png,1,198,91,99,100.00%
데이지크_프루티립잼_복숭아잼.png,1,240,158,156,75.50%
데이지크_프루티립잼_애프리콧잼.png,1,240,159,135,99.84%
데이지크_프루티립잼_애플잼.png,1,218,55,69,99.98%
데이지크_프루티립잼_자두잼.png,1,232,77,123,94.68%
데이지크_프루티립잼_쥬쥬브잼.png,1,172,102,99,100.00%
데이지크_프루티립잼_체리잼.png,1,233,75,97,100.00%
데이지크_프루티립잼_캐슈넛잼.png,1,179,119,104,95.54%
데이지크_프루티립잼_크랜베리잼.png,1,132,66,65,65.62%
딘토_브론테멜팅글로우립밤_곤달.png,1,200,72,71,100.00%
딘토_브론테멜팅글로우립밤_브랜웰.png,1,176,106,108,100.00%
딘토_브론테멜팅글로우립밤_빌레트.png,1,229,123,109,100.00%
딘토_브론테멜팅글로우립밤_샬롯.png,1,219,138,144,100.00%
딘토_브론테멜팅글로우립밤_아그네스그레이.png,1,199,110,116,100.00%
딘토_브론테멜팅글로우립밤_앙그리아.png,1,171,108,116,100.00%
딘토_브론테멜팅글로우립밤_앤.png,1,175,87,99,100.00%
딘토_브론테멜팅글로우립밤_에밀리.png,1,231,126,123,100.00%
딘토_브론테멜팅글로우립밤_워더링하이츠.png,1,193,67,79,100.00%
딘토_블러글로이립틴트_그라티아.png,1,208,85,88,100.00%
딘토_블러글로이립틴트_노빌리타스.png,1,234,159,153,100.00%
딘토_블러글로이립틴트_데오볼렌테.png,1,126,52,79,100.00%
딘토_블러글로이립틴트_디비니타스.png,1,177,77,89,100.00%
딘토_블러글로이립틴트_레베렌티아.png,1,215,103,99,100.00%
딘토_블러글로이립틴트_리베르타스.png,1,177,115,104,100.00%
딘토_블러글로이립틴트_메멘토모리.png,1,147,51,53,100.00%
딘토_블러글로이립틴트_모데스티아.png,1,152,102,101,100.00%
딘토_블러글로이립틴트_무니아.png,1,189,76,94,100.00%
딘토_블러글로이립틴트_베누스.png,1,241,151,140,100.00%
딘토_블러글로이립틴트_베니아.png,1,183,107,120,100.00%
딘토_블러글로이립틴트_보눔.png,1,202,0,60,100.00%
딘토_블러글로이립틴트_소피아.png,1,207,125,101,100.00%
딘토_블러글로이립틴트_아베마리아.png,1,198,132,144,100.00%
딘토_블러글로이립틴트_유스티티아.png,1,252,145,163,100.00%
딘토_블러글로이립틴트_코르.png,1,240,132,106,100.00%
딘토_블러글로이립틴트_팍스.png,1,213,57,128,100.00%
딘토_블러글로이립틴트_팍스로마나.png,1,200,128,132,100.00%
딘토_블러글로이립틴트_피데스.png,1,176,67,70,100.00%
딘토_블러글로이립틴트_피덴티아.png,1,202,80,95,100.00%
라카_본딩글로우립스틱_뎁스.png,1,147,51,59,100.00%
라카_본딩글로우립스틱_리리.png,1,230,125,141,100.00%
라카_본딩글로우립스틱_마크.png,1,205,105,94,53.14%
라카_본딩글로우립스틱_멀드.png,1,214,111,91,99.91%
라카_본딩글로우립스틱_미로.png,1,186,96,98,60.63%
라카_본딩글로우립스틱_포쉬.png,1,144,30,25,100.00%
라카_젤링누드글로스_복숭아링.png,1,200,103,108,82.93%
라카_젤링누드글로스_엔젤링.png,1,204,129,136,100.00%
라카_젤링누드글로스_포도링.png,1,197,97,113,99.66%
라카_젤링누드글로스_피그링.png,1,164,89,83,92.68%
라카_프루티글램틴트_듀이.png,1,150,62,83,100.00%
라카_프루티글램틴트_어도어.png,1,214,67,108,100.00%
라카_프루티글램틴트_엔비.png,1,89,6,22,100.00%
라카_프루티글램틴트_조이풀.png,1,216,90,96,100.00%
라카_프루티글램틴트_체리.png,1,124,20,23,96.79%
라카_프루티글램틴트_카페인로즈.png,1,79,11,6,100.00%
라카_프루티글램틴트_캔디드.png,1,154,3,12,97.59%
라카_프루티글램틴트_콜드.png,1,218,74,133,100.00%
레미유_듀이플로우틴트_다운로즈.png,1,165,76,75,100.00%
레미유_듀이플로우틴트_뮤트코랄.png,1,172,99,79,77.09%
레미유_듀이플로우틴트_브링러브.png,1,194,48,93,100.00%
레미유_듀이플로우틴트_슈어쉬어.png,1,207,120,148,100.00%
레미유_듀이플로우틴트_츄잇추.png,1,210,60,38,72.06%
레미유_듀이플로우틴트_칠링모브.png,1,139,70,84,100.00%
레미유_듀이플로우틴트_쿠키드롭.png,1,142,34,25,100.00%
레미유_듀이플로우틴트_플레저.png,1,160,38,63,100.00%
레미유_듀이플로우틴트_피치뮬리.png,1,196,96,74,98.63%
레미유_듀이플로우틴트_핑크브리즈.png,1,163,85,92,76.50%
레미유_듀이플로우틴트_허니릿.png,1,230,114,89,100.00%
레미유_모이스트립블러_데이드림.png,1,224,95,106,57.14%
레미유_모이스트립블러_로즐리.png,1,199,77,87,90.43%
레미유_모이스트립블러_멜로우.png,1,233,116,107,81.06%
레미유_모이스트립블러_써니코랄.png,1,222,89,82,98.16%
레미유_모이스트립블러_어도러블.png,1,237,124,129,100.00%
레미유_모이스트립블러_업텐션.png,1,195,41,37,45.15%
레미유_코튼플러피틴트_더스티모브.png,1,126,62,59,91.41%
레미유_코튼플러피틴트_번트브라운.png,1,158,94,77,93.50%
레미유_코튼플러피틴트_빈티지로즈.png,1,170,108,101,65.84%
레미유_코튼플러피틴트_솔티드베이지.png,1,175,112,90,50.95%
레미유_코튼플러피틴트_페이디드레드.png,1,157,81,67,94.52%
롬앤_글래스팅멜팅밤_누가샌드.png,1,171,88,74,100.00%
롬앤_글래스팅멜팅밤_누베이지.png,1,198,131,99,99.90%
롬앤_글래스팅멜팅밤_디어애플.png,1,204,88,85,93.62%
롬앤_글래스팅멜팅밤_러비핑크.png,1,241,75,104,100.00%
롬앤_글래스팅멜팅밤_모브휩.png,1,168,72,84,100.00%
롬앤_글래스팅멜팅밤_버피코랄.png,1,197,119,97,54.68%
롬앤_글래스팅멜팅밤_베일드로즈.png,1,180,98,104,88.07%
롬앤_글래스팅멜팅밤_소르베밤.png,1,217,83,73,100.00%
롬앤_글래스팅멜팅밤_스카치누드.png,1,161,87,73,91.07%
롬앤_글래스팅멜팅밤_카야피그.png,1,186,81,85,100.00%
롬앤_글래스팅멜팅밤_코랄리아.png,1,253,102,82,100.00%
롬앤_글래스팅멜팅밤_코코누드.png,1,222,125,102,99.57%
롬앤_글래스팅멜팅밤_피오니즈.png,1,245,98,136,99.97%
롬앤_글래스팅멜팅밤_피칸브루.png,1,167,69,54,100.00%
롬앤_글래스팅멜팅밤_히피베리.png,1,191,36,55,99.93%
롬앤_글래스팅워터틴트_누디선다운.png,1,208,118,92,100.00%
롬앤_글래스팅워터틴트_레드드롭.png,1,184,28,34,67.44%
롬앤_글래스팅워터틴트_로즈스플래쉬.png,1,173,48,67,100.00%
롬앤_글래스팅워터틴트_모브문.png,1,205,108,131,98.02%
롬앤_글래스팅워터틴트_브릭리버.png,1,184,55,45,100.00%
롬앤_글래스팅워터틴트_빈티지오션.png,1,127,32,24,90.91%
롬앤_글래스팅워터틴트_우디선셋.png,1,116,44,43,75.12%
롬앤_글래스팅워터틴트_피그라이즈.png,1,172,64,73,99.14%
롬앤_글래스팅컬러글로스_그레이피웨이.png,1,176,84,100,71.04%
롬앤_글래스팅컬러글로스_너티베이그.png,1,205,137,119,100.00%
롬앤_글래스팅컬러글로스_디픈무어.png,1,160,95,82,100.00%
롬앤_글래스팅컬러글로스_딤모브.png,1,165,93,91,73.42%
롬앤_글래스팅컬러글로스_로즈핀치.png,1,167,79,84,49.02%
롬앤_글래스팅컬러글로스_스프링피버.png,1,219,55,65,98.48%
롬앤_글래스팅컬러글로스_체리업.png,1,198,41,73,89.75%
롬앤_글래스팅컬러글로스_피오니발레.png,1,243,179,185,90.68%
롬앤_듀이풀워터틴트_라일락크림.png,1,241,117,163,100.00%
롬앤_듀이풀워터틴트_머머핑크.png,1,254,98,150,100.00%
롬앤_듀이풀워터틴트_베리디바인.png,1,117,28,55,100.00%
롬앤_듀이풀워터틴트_솔티피치.png,1,173,72,64,81.55%
롬앤_듀이풀워터틴트_이프로즈.png,1,179,71,70,65.26%
롬앤_듀이풀워터틴트_인코랄.png,1,214,63,78,95.67%
롬앤_듀이풀워터틴트_체리웨이.png,1,192,37,57,99.90%
롬앤_듀이풀워터틴트_칠리업.png,1,128,35,37,78.18%
롬앤_듀이풀워터틴트_캐니언.png,1,187,99,89,100.00%
롬앤_듀이풀워터틴트_커스터드모브.png,1,190,96,104,100.00%
롬앤_듀이풀워터틴트_코튼멜바.png,1,253,112,105,100.00%
롬앤_듀이풀워터틴트_태피.png,1,227,47,97,100.00%
롬앤_듀이풀워터틴트_툴리안.png,1,169,55,85,99.64%
롬앤_블러퍼지틴트_라드우드.png,1,117,63,59,71.56%
롬앤_블러퍼지틴트_로지엔탈.png,1,163,70,69,45.99%
롬앤_블러퍼지틴트_머스키.png,1,137,58,53,79.19%
롬앤_블러퍼지틴트_모비쉬.png,1,157,78,89,58.42%
롬앤_블러퍼지틴트_베리피즈.png,1,242,101,128,98.18%
롬앤_블러퍼지틴트_비비캔디.png,1,214,75,111,90.45%
롬앤_블러퍼지틴트_언로즈.png,1,241,94,104,66.91%
롬앤_블러퍼지틴트_웜밍업.png,1,218,125,104,100.00%
롬앤_블러퍼지틴트_커런트잼.png,1,145,63,71,93.48%
롬앤_블러퍼지틴트_코랄쥬빌레.png,1,238,74,81,98.51%
롬앤_블러퍼지틴트_쿨로즈업.png,1,160,68,80,93.26%
롬앤_블러퍼지틴트_쿨링업.png,1,230,119,132,100.00%
롬앤_블러퍼지틴트_퍼지레드.png,1,235,61,73,94.44%
롬앤_블러퍼지틴트_포멜로코.png,1,193,94,82,62.41%
롬앤_블러퍼지틴트_푸시아바이브.png,1,228,60,82,98.55%
롬앤_제로매트립스틱_대즐레드.png,1,215,59,47,51.37%
롬앤_제로매트립스틱_더스티핑크.png,1,168,78,88,50.68%
롬앤_제로매트립스틱_레드다이브.png,1,147,23,44,98.18%
롬앤_제로매트립스틱_레드서퍼.png,1,196,17,57,82.91%
롬앤_제로매트립스틱_레드카펫.png,1,163,26,44,85.12%
롬앤_제로매트립스틱_레드히트.png,1,188,38,53,97.42%
롬앤_제로매트립스틱_모브빈즈.png,1,172,92,105,61.45%
롬앤_제로매트립스틱_미드나잇.png,1,125,33,44,98.61%
롬앤_제로매트립스틱_비포선셋.png,1,170,64,74,94.61%
롬앤_제로매트립스틱_선라이트.png,1,212,32,68,86.05%
롬앤_제로매트립스틱_쉘누드.png,1,232,137,120,99.70%
롬앤_제로매트립스틱_스모크드베이즈.png,1,179,100,87,88.43%
롬앤_제로매트립스틱_스윗피.png,1,185,50,75,93.59%
롬앤_제로매트립스틱_실루엣.png,1,152,57,55,94.02%
롬앤_제로매트립스틱_썸띵.png,1,219,51,72,92.23%
롬앤_제로매트립스틱_어도러블.png,1,224,89,83,90.71%
롬앤_제로매트립스틱_어썸.png,1,226,91,83,86.08%
롬앤_제로매트립스틱_엔비미.png,1,208,99,98,53.64%
롬앤_제로매트립스틱_올댓재즈.png,1,174,55,46,99.77%
롬앤_제로매트립스틱_이브닝.png,1,156,63,51,100.00%
롬앤_제로매트립스틱_태닝레드.png,1,175,42,48,96.60%
롬앤_제로매트립스틱_핑크샌드.png,1,207,112,118,55.27%
롬앤_제로벨벳틴트_그레인누드.png,1,168,81,66,81.69%
롬앤_제로벨벳틴트_너드핑크.png,1,138,58,69,97.38%
롬앤_제로벨벳틴트_딥소울.png,1,134,52,50,54.61%
롬앤_제로벨벳틴트_러스크러스크.png,1,152,63,49,99.93%
롬앤_제로벨벳틴트_버니누드.png,1,162,75,83,86.64%
롬앤_제로벨벳틴트_번트하트.png,1,138,69,80,99.77%
롬앤_제로벨벳틴트_베리니트.png,1,103,48,47,65.71%
롬앤_제로벨벳틴트_베리케이크.png,1,212,60,74,94.90%
롬앤_제로벨벳틴트_빈티지토프.png,1,131,58,55,81.93%
롬앤_제로벨벳틴트_빌런베스트.png,1,82,22,29,92.50%
롬앤_제로벨벳틴트_아이시.png,1,161,70,88,95.37%
롬앤_제로벨벳틴트_앤셜리.png,1,205,32,41,54.72%
롬앤_제로벨벳틴트_얼그레이숄.png,1,129,57,56,84.78%
롬앤_제로벨벳틴트_위티.png,1,149,63,59,99.77%
롬앤_제로벨벳틴트_조이풀.png,1,191,51,46,82.50%
롬앤_제로벨벳틴트_토스티누드.png,1,161,70,67,98.25%
롬앤_제로벨벳틴트_펄시레드.png,1,142,8,10,92.98%
롬앤_제로벨벳틴트_페이드레드.png,1,136,39,36,42.73%
롬앤_제로벨벳틴트_페탈테슬.png,1,149,75,88,97.82%
롬앤_제로벨벳틴트_피즈.png,1,173,12,39,96.30%
롬앤_제로벨벳틴트_피칸타르트.png,1,146,50,59,90.48%
롬앤_쥬시래스팅틴트_누디피넛.png,1,191,94,86,94.02%
롬앤_쥬시래스팅틴트_누카다미아.png,1,193,92,88,90.35%
롬앤_쥬시래스팅틴트_다크 코코넛.png,1,101,43,35,85.75%
롬앤_쥬시래스팅틴트_리치코랄.png,1,212,95,102,97.65%
롬앤_쥬시래스팅틴트_멀드피치.png,1,166,80,85,69.39%
롬앤_쥬시래스팅틴트_멜로우페어.png,1,206,138,128,100.00%
롬앤_쥬시래스팅틴트_베리베리핑크.png,1,248,53,139,99.97%
롬앤_쥬시래스팅틴트_베어그레이프.png,1,189,79,101,80.89%
롬앤_쥬시래스팅틴트_베어바인.png,1,197,124,152,98.78%
롬앤_쥬시래스팅틴트_베어베리스무디.png,1,254,159,206,100.00%
롬앤_쥬시래스팅틴트_베어애프리콧.png,1,254,176,181,75.97%
롬앤_쥬시래스팅틴트_베어피그.png,1,216,92,126,98.15%
롬앤_쥬시래스팅틴트_브리즈피그.png,1,210,131,125,100.00%
롬앤_쥬시래스팅틴트_아몬드 로즈.png,1,139,60,64,100.00%
롬앤_쥬시래스팅틴트_애플브라운.png,1,170,51,28,96.79%
롬앤_쥬시래스팅틴트_오드그레이프.png,1,216,143,146,100.00%
롬앤_쥬시래스팅틴트_잇도토리.png,1,135,40,21,98.31%
롬앤_쥬시래스팅틴트_쥬쥬브.png,1,159,47,51,93.40%
롬앤_쥬시래스팅틴트_체리밤.png,1,123,17,32,91.04%
롬앤_쥬시래스팅틴트_코니소다.png,1,138,17,25,94.94%
롬앤_쥬시래스팅틴트_파파야잼.png,1,226,95,74,99.93%
롬앤_쥬시래스팅틴트_포멜로스킨.png,1,192,99,82,79.70%
롬앤_쥬시래스팅틴트_플럼콕.png,1,59,0,26,100.00%
롬앤_쥬시래스팅틴트_피그피그.png,1,160,47,70,98.78%
롬앤_쥬시래스팅틴트_필링앵두.png,1,158,57,62,100.00%
롬앤_쥬시래스팅틴트_핑크 팝시클.png,1,224,15,112,65.19%
롬앤_쥬시래스팅틴트_핑크펌킨.png,1,187,75,81,73.83%
릴리바이레드_글래시레이어픽싱틴트_디어모브.png,1,224,97,99,48.93%
릴리바이레드_글래시레이어픽싱틴트_로지누드.png,1,236,118,140,100.00%
릴리바이레드_글래시레이어픽싱틴트_로지로즈.png,1,210,77,116,100.00%
릴리바이레드_글래시레이어픽싱틴트_머스캣샤워.png,1,223,123,136,100.00%
릴리바이레드_글래시레이어픽싱틴트_슬러시드핑크.png,1,252,133,199,96.66%
릴리바이레드_글래시레이어픽싱틴트_치키피치.png,1,227,80,82,75.27%
릴리바이레드_글래시레이어픽싱틴트_콜드베리.png,1,254,23,140,100.00%
릴리바이레드_글래시레이어픽싱틴트_킬미플럼.png,1,217,49,106,100.00%
릴리바이레드_글래시레이어픽싱틴트_핑크리시브.png,1,231,115,130,100.00%
릴리바이레드_글래시레이어픽싱틴트_핑크스파이크.png,1,254,93,119,97.95%
릴리바이레드_무드라이어벨벳틴트_무덤덤한무화과인척.png,1,155,43,42,95.80%
릴리바이레드_무드라이어벨벳틴트_순수한사과인척.png,1,185,0,50,100.00%
릴리바이레드_무드라이어벨벳틴트_시니컬한블루베리인척.png,1,92,10,33,100.00%
릴리바이레드_무드라이어벨벳틴트_우아한산딸기인척.png,1,183,44,72,100.00%
릴리바이레드_무드라이어벨벳틴트_자비없는포도인척.png,1,123,36,65,100.00%
릴리바이레드_무드라이어벨벳틴트_치명적인석류인척.png,1,115,19,23,67.37%
릴리바이레드_앙큼라이어코팅틴트_굳센버찌인척.png,1,147,43,61,88.00%
릴리바이레드_앙큼라이어코팅틴트_끼많은복숭아인척.png,1,252,89,122,86.88%
릴리바이레드_앙큼라이어코팅틴트_당당한방토인척.png,1,246,49,54,91.00%
릴리바이레드_앙큼라이어코팅틴트_맹랑한체리인척.png,1,223,25,58,50.21%
릴리바이레드_앙큼라이어코팅틴트_무심한무화과인척.png,1,195,84,79,99.90%
릴리바이레드_앙큼라이어코팅틴트_발그레한딸기인척.png,1,249,76,101,100.00%
릴리바이레드_앙큼라이어코팅틴트_센치한리치인척.png,1,217,108,115,99.40%
릴리바이레드_앙큼라이어코팅틴트_수줍은복숭아인척.png,1,253,86,64,82.25%
릴리바이레드_앙큼라이어코팅틴트_쌉쌀한포도츄잉껌인척.png,1,179,100,115,100.00%
릴리바이레드_앙큼라이어코팅틴트_톡쏘는포도풍선껌인척.png,1,186,46,88,100.00%
릴리바이레드_쥬시라이어워터틴트_구아바모히토인척.png,1,231,41,0,100.00%
릴리바이레드_쥬시라이어워터틴트_리치샹그리아인척.png,1,174,26,11,100.00%
릴리바이레드_쥬시라이어워터틴트_블랙베리데낄라인척.png,1,154,0,32,100.00%
릴리바이레드_쥬시라이어워터틴트_오렌지마가리타인척.png,1,253,75,0,82.78%
릴리바이레드_쥬시라이어워터틴트_체리크러쉬인척.png,1,231,0,12,100.00%
릴리바이레드_쥬시라이어워터틴트_플럼마티니인척.png,1,216,0,72,100.00%
릴리바이레드_쥬시라이어워터틴트_핑크레몬피즈인척.png,1,253,0,83,100.00%
릴리바이레드_쥬시라이어워터틴트_핑크커런트펀치인척 (2).png,1,247,61,136,100.00%
릴리바이레드_탱글젤리밤_리치젤리한입.png,1,161,83,88,98.61%
릴리바이레드_탱글젤리밤_복숭아젤리한입.png,1,254,49,68,100.00%
릴리바이레드_탱글젤리밤_사과젤리한입.png,1,183,80,101,52.30%
릴리바이레드_탱글젤리밤_살구젤리한입.png,1,237,82,88,100.00%
릴리바이레드_탱글젤리밤_자두젤리한입.png,1,246,44,146,100.00%
릴리바이레드_탱글젤리밤_타로젤리한입.png,1,148,70,60,100.00%
릴리바이레드_탱글젤리밤_포도젤리한입.png,1,114,35,51,100.00%
맥_글로우플레이립밤_루즈어웨이크닝.png,1,226,70,43,100.00%
맥_글로우플레이립밤_스위트트리트.png,1,205,129,108,100.00%
맥_글로우플레이립밤_플로랄코랄.png,1,234,85,88,98.89%
맥_락드키스잉크24아워_것시.png,1,180,37,25,99.93%
맥_락드키스잉크24아워_그레이셔스.png,1,214,74,84,100.00%
맥_락드키스잉크24아워_데카던스.png,1,135,50,63,100.00%
맥_락드키스잉크24아워_도옌.png,1,171,45,37,100.00%
맥_락드키스잉크24아워_루비트루.png,1,187,47,50,96.17%
맥_락드키스잉크24아워_멀잇오버앤오버.png,1,158,57,56,64.51%
맥_락드키스잉크24아워_모스트큐리어스.png,1,175,51,63,100.00%
맥_락드키스잉크24아워_보데이셔스.png,1,155,76,69,100.00%
맥_락드키스잉크24아워_비셔스.png,1,160,48,36,100.00%
맥_락드키스잉크24아워_엑스트라칠리.png,1,144,37,19,99.91%
맥_락드키스잉크24아워_하이퍼볼리.png,1,212,68,85,100.00%
맥_러스터글래스립스틱_노포토스.png,1,214,78,121,99.80%
맥_러스터글래스립스틱_레이디버그.png,1,168,49,45,99.81%
맥_러스터글래스립스틱_로컬셀럽.png,1,167,61,46,99.94%
맥_러스터글래스립스틱_비지니스캐주얼.png,1,151,70,56,99.73%
맥_러스터글래스립스틱_셀아웃.png,1,205,121,114,100.00%
맥_러스터글래스립스틱_씨쉬어.png,1,191,82,79,99.87%
맥_러스터글래스립스틱_오구디.png,1,205,92,94,90.82%
맥_러스터글래스립스틱_코크니.png,1,170,48,45,99.81%
맥_러스터글래스립스틱_티엔티저.png,1,217,65,50,100.00%
맥_러스터글래스립스틱_프렌다.png,1,186,88,93,100.00%
맥_러스터글래스립스틱_플러스터드.png,1,180,54,48,99.50%
맥_러스터글래스립스틱_피그먼트오브유어이매지네이.png,1,196,88,95,100.00%
맥_러스터글래스립스틱_피디에이.png,1,128,42,35,97.94%
맥_러스터글래스립스틱_허그미.png,1,162,101,90,53.83%
맥_립스틱_겟더힌트.png,1,195,101,109,93.82%
맥_립스틱_더즌카네이션.png,1,186,52,43,100.00%
맥_립스틱_데어유.png,1,155,43,37,99.98%
맥_립스틱_데인저러스.png,1,183,46,37,100.00%
맥_립스틱_듀보넷.png,1,149,45,36,99.41%
맥_립스틱_디바.png,1,126,33,56,97.82%
맥_립스틱_디포데인저.png,1,148,54,68,100.00%
맥_립스틱_러시안레드.png,1,167,47,51,98.93%
맥_립스틱_런웨이히트.png,1,187,85,81,58.99%
맥_립스틱_레드락.png,1,211,45,32,99.58%
맥_립스틱_레이디데인저.png,1,209,62,55,86.92%
맥_립스틱_루비우.png,1,171,52,50,86.69%
맥_립스틱_릴렌트리슬리레드.png,1,163,42,66,90.66%
맥_립스틱_마라케쉬.png,1,132,50,41,76.32%
맥_립스틱_맥레드.png,1,190,40,35,100.00%
맥_립스틱_맹그로브.png,1,232,50,36,100.00%
맥_립스틱_모란지.png,1,217,79,48,61.28%
맥_립스틱_모카.png,1,158,80,57,100.00%
맥_립스틱_베가스볼트.png,1,215,89,82,98.06%
맥_립스틱_벨벳테디.png,1,167,101,82,50.29%
맥_립스틱_브레이브레드.png,1,176,51,45,100.00%
맥_립스틱_브릭오라.png,1,173,76,78,78.92%
맥_립스틱_생제르망.png,1,216,106,181,100.00%
맥_립스틱_스놉.png,1,182,100,128,96.91%
맥_립스틱_스시키스.png,1,231,124,106,99.31%
맥_립스틱_스위트사쿠라.png,1,165,48,39,100.00%
맥_립스틱_스필더티.png,1,165,68,56,100.00%
맥_립스틱_쏘쇼드.png,1,226,83,63,93.35%
맥_립스틱_올파이어드업.png,1,180,49,81,99.72%
맥_립스틱_칠리.png,1,160,59,47,100.00%
맥_립스틱_카인다섹시.png,1,206,127,111,100.00%
맥_립스틱_캔디얌얌.png,1,218,72,140,97.12%
맥_립스틱_크로스와이어즈.png,1,224,99,105,85.06%
맥_립스틱_트로픽토닉.png,1,210,77,64,99.44%
맥_립스틱_트위그.png,1,166,87,81,51.03%
맥_립스틱_포에버큐리어스.png,1,200,94,93,98.47%
맥_립스틱_플랫아웃패뷸러스.png,1,153,45,113,88.99%
맥_립스틱_플리즈미.png,1,186,99,107,99.19%
맥_파우더키스리퀴드립컬러_갓어콜백.png,1,101,38,59,96.96%
맥_파우더키스리퀴드립컬러_데이트메이커.png,1,180,106,99,65.26%
맥_파우더키스리퀴드립컬러_디보티드투칠리.png,1,150,55,44,99.88%
맥_파우더키스리퀴드립컬러_리조트시즌.png,1,222,97,71,94.54%
맥_파우더키스리퀴드립컬러_마라케쉬미어.png,1,117,42,35,67.34%
맥_파우더키스리퀴드립컬러_맥스매쉬.png,1,163,46,43,99.85%
맥_파우더키스리퀴드립컬러_멀잇오버.png,1,197,103,96,65.87%
맥_파우더키스리퀴드립컬러_메이크러브투더카메라.png,1,96,22,26,61.62%
맥_파우더키스리퀴드립컬러_메이크잇패션.png,1,161,46,84,99.88%
맥_파우더키스리퀴드립컬러_모어더미어러.png,1,178,95,111,65.00%
맥_파우더키스리퀴드립컬러_버닝러브.png,1,111,28,47,98.30%
맥_파우더키스리퀴드립컬러_빌리언달러스마일.png,1,218,76,111,99.94%
맥_파우더키스리퀴드립컬러_쏘리낫쏘리.png,1,181,80,60,97.45%
맥_파우더키스리퀴드립컬러_어리틀텐드.png,1,184,64,80,66.55%
맥_파우더키스리퀴드립컬러_에스칸달로.png,1,220,83,87,99.75%
맥_파우더키스리퀴드립컬러_엘레강스이즈런드.png,1,172,50,71,100.00%
맥_파우더키스리퀴드립컬러_오브더토프.png,1,154,88,81,57.13%
맥_파우더키스리퀴드립컬러_임펄시브.png,1,170,91,70,75.07%
맥_파우더키스리퀴드립컬러_패션스위티.png,1,91,21,18,95.57%
맥_파우더키스리퀴드립컬러_패션이머전시.png,1,119,39,42,91.11%
맥_파우더키스리퀴드립컬러_프리티플릿츠.png,1,50,20,18,96.54%
맥_파우더키스리퀴드립컬러_핫팬츠.png,1,157,45,42,93.30%
맥_파우더키스벨벳블러슬림스틱립스틱_디보티드투데인저.png,1,189,49,42,98.49%
맥_파우더키스벨벳블러슬림스틱립스틱_루비뉴.png,1,188,43,51,90.13%
맥_파우더키스벨벳블러슬림스틱립스틱_멀잇오버.png,1,181,104,88,87.72%
맥_파우더키스벨벳블러슬림스틱립스틱_스윗시나몬.png,1,168,73,61,95.06%
맥_파우더키스벨벳블러슬림스틱립스틱_스테이큐리어스.png,1,168,76,79,51.46%
맥_파우더키스벨벳블러슬림스틱립스틱_진저렐라.png,1,171,76,71,88.67%
맥_파우더키스벨벳블러슬림스틱립스틱_핫파프리카.png,1,233,86,64,98.63%
머지_더워터리듀틴트WD_비튼로즈.png,1,134,61,53,100.00%
머지_더워터리듀틴트WD_스프링브레이크.png,1,224,101,56,69.50%
머지_더워터리듀틴트WD_얼웨이즈영.png,1,150,35,20,86.18%
머지_더워터리듀틴트WD_체리샷.png,1,196,43,59,95.97%
머지_더워터리듀틴트WD_핑크헤이즈.png,1,180,50,96,100.00%
머지_더퍼스트벨벳틴트_그라나다브릭.png,1,122,47,31,81.91%
머지_더퍼스트벨벳틴트_뉴욕상그리아.png,1,112,34,67,100.00%
머지_더퍼스트벨벳틴트_브뤼셀로즈.png,1,146,52,63,99.76%
머지_더퍼스트벨벳틴트_오슬로무드.png,1,160,91,91,52.59%
머지_더퍼스트벨벳틴트_프라하오렌지.png,1,157,73,50,100.00%
머지_블러핏틴트_감각.png,1,134,56,53,96.57%
머지_블러핏틴트_나른.png,1,132,78,68,99.94%
머지_블러핏틴트_낯선.png,1,180,122,93,49.55%
머지_블러핏틴트_오묘.png,1,159,102,88,53.54%
머지_블러핏틴트_절제.png,1,155,92,93,38.64%
머지_블러핏틴트_흥미.png,1,159,77,83,94.96%
머지_블러핏틴트_희열.png,1,144,76,65,99.93%
메리몽드_밀크하트틴트립앤치크_모브밀크.png,1,255,185,206,98.45%
메리몽드_밀크하트틴트립앤치크_뮤트밀크.png,1,254,123,148,75.80%
메리몽드_밀크하트틴트립앤치크_스트로베리밀크.png,1,219,133,152,100.00%
메리몽드_밀크하트틴트립앤치크_캔디밀크.png,1,228,161,201,51.70%
메리몽드_체리하트메가틴트_리얼체리.png,1,73,10,8,88.90%
메리몽드_체리하트메가틴트_모브체리.png,1,170,98,122,74.33%
메리몽드_체리하트메가틴트_뮤트체리.png,1,184,136,138,64.15%
메리몽드_체리하트메가틴트_버터체리.png,1,170,94,71,55.01%
메리몽드_체리하트메가틴트_베리체리.png,1,149,48,64,54.46%
메리몽드_체리하트메가틴트_브릭체리.png,1,145,67,53,98.96%
메리몽드_체리하트메가틴트_차분체리.png,1,185,87,91,72.90%
메리몽드_체리하트메가틴트_크림체리.png,1,217,154,142,89.10%
메이블린_센세이셔널쿠션매트립틴트_모브핑크.png,1,163,79,90,100.00%
메이블린_센세이셔널쿠션매트립틴트_브릭오렌지.png,1,140,52,36,98.01%
메이블린_센세이셔널쿠션매트립틴트_오렌지레드.png,1,180,58,37,100.00%
메이블린_센세이셔널쿠션매트립틴트_칠리레드.png,1,136,34,28,100.00%
메이블린_센세이셔널쿠션매트립틴트_쿨레드.png,1,184,40,41,67.96%
메이블린_센세이셔널쿠션매트립틴트_핑크베이지.png,1,173,79,76,76.40%
메이블린_슈퍼스테이립잉크_댄서.png,1,172,52,42,100.00%
메이블린_슈퍼스테이립잉크_링리더.png,1,148,87,96,100.00%
메이블린_슈퍼스테이립잉크_마르살라레드.png,1,121,42,38,99.97%
메이블린_슈퍼스테이립잉크_브릭레드.png,1,144,49,32,94.46%
메이블린_슈퍼스테이립잉크_셀프스타터.png,1,182,92,83,99.98%
메이블린_슈퍼스테이립잉크_아서티브.png,1,146,49,44,98.94%
메이블린_슈퍼스테이립잉크_앰비셔스.png,1,158,33,44,99.45%
메이블린_슈퍼스테이립잉크_칠리레드.png,1,149,38,31,57.26%
메이블린_슈퍼스테이립잉크_히로인.png,1,202,73,61,99.92%
메이블린_얼티매트립스틱_더스티로즈.png,1,186,76,79,100.00%
메이블린_얼티매트립스틱_마르살라레드.png,1,149,51,44,100.00%
메이블린_얼티매트립스틱_모브베리.png,1,166,57,60,100.00%
메이블린_얼티매트립스틱_브릭로즈.png,1,150,51,42,100.00%
메이블린_얼티매트립스틱_비비드핑크.png,1,218,26,82,100.00%
메이블린_얼티매트립스틱_체리레드.png,1,179,16,30,100.00%
메이블린_얼티매트립스틱_칠리레드.png,1,200,32,10,100.00%
메이블린_얼티매트립스틱_코랄브라운.png,1,168,62,56,100.00%
메이블린_얼티매트립스틱_페일누드핑크.png,1,183,101,92,100.00%
메이블린_얼티매트립스틱_피치베이지.png,1,197,84,69,100.00%
무지개맨션_무드웨어블러립스틱_누디.png,1,205,138,124,100.00%
무지개맨션_무드웨어블러립스틱_러플.png,1,202,113,132,64.29%
무지개맨션_무드웨어블러립스틱_레이어드.png,1,200,149,149,91.87%
무지개맨션_무드웨어블러립스틱_리벤지.png,1,190,86,99,95.58%
무지개맨션_무드웨어블러립스틱_맥시.png,1,167,112,107,56.06%
무지개맨션_무드웨어블러립스틱_베이브.png,1,214,156,163,74.65%
무지개맨션_무드웨어블러립스틱_프라임.png,1,189,118,116,52.95%
무지개맨션_무드웨어블러립스틱_히피.png,1,170,98,113,75.46%
무지개맨션_아이시글로우_디저브.png,1,234,105,83,76.07%
무지개맨션_아이시글로우_베이그.png,1,205,130,132,81.14%
무지개맨션_아이시글로우_언톨드.png,1,192,96,78,100.00%
무지개맨션_아이시글로우_원더.png,1,174,74,104,98.98%
무지개맨션_아이시글로우_체서.png,1,185,116,114,53.48%
무지개맨션_아이시글로우_템팅.png,1,136,44,61,79.02%
무지개맨션_아이시글로우_퓨리티.png,1,189,115,132,99.77%
무지개맨션_아이시글로우_홀리몰리.png,1,196,99,101,69.76%
무지개맨션_오브제리퀴드_노터블.png,1,170,81,73,98.34%
무지개맨션_오브제리퀴드_녹아웃.png,1,190,78,111,74.25%
무지개맨션_오브제리퀴드_도미넌트.png,1,118,43,50,69.40%
무지개맨션_오브제리퀴드_래비쉬.png,1,185,98,105,90.14%
무지개맨션_오브제리퀴드_베얼리.png,1,189,120,109,99.83%
무지개맨션_오브제리퀴드_소프티.png,1,218,129,147,99.42%
무지개맨션_오브제리퀴드_스터닝.png,1,167,71,81,99.67%
무지개맨션_오브제리퀴드_스트레인저.png,1,154,79,76,100.00%
무지개맨션_오브제리퀴드_시퀀스.png,1,184,101,96,99.80%
무지개맨션_오브제리퀴드_심볼.png,1,179,90,109,82.20%
무지개맨션_오브제리퀴드_애프터.png,1,159,73,75,81.80%
무지개맨션_오브제리퀴드_어펙션.png,1,161,71,72,89.16%
무지개맨션_오브제리퀴드_어필.png,1,162,100,107,60.88%
무지개맨션_오브제리퀴드_언던.png,1,128,59,48,99.98%
무지개맨션_오브제리퀴드_칠린.png,1,138,57,53,99.99%
무지개맨션_오브제리퀴드_텐션.png,1,184,132,121,99.86%
무지개맨션_오브제리퀴드_퍼셉션.png,1,125,50,62,66.36%
무지개맨션_오브제리퀴드_포이즈.png,1,215,153,157,95.41%
무지개맨션_오브제리퀴드_프라이드.png,1,160,97,77,98.18%
무지개맨션_오브제리퀴드_플레져.png,1,205,85,87,65.14%
무지개맨션_오브제워터_디바.png,1,190,90,86,100.00%
무지개맨션_오브제워터_레어.png,1,171,91,95,85.59%
무지개맨션_오브제워터_비하인드.png,1,156,50,56,100.00%
무지개맨션_오브제워터_셀럽.png,1,160,73,66,100.00%
무지개맨션_오브제워터_스파이시.png,1,200,74,107,100.00%
무지개맨션_오브제워터_시그니처.png,1,188,51,84,100.00%
무지개맨션_오브제워터_포쉬.png,1,217,113,146,100.00%
무지개맨션_오브제워터_피치.png,1,186,80,111,72.18%
뮤드_글라세립틴트_모브모어.png,1,152,75,81,99.69%
뮤드_글라세립틴트_번트칠리.png,1,180,59,41,99.82%
뮤드_글라세립틴트_오운핑크.png,1,211,112,110,88.73%
뮤드_글라세립틴트_위켄드.png,1,206,63,55,78.64%
뮤드_글라세립틴트_윈디.png,1,223,88,106,100.00%
뮤드_글라세립틴트_코랄글라세.png,1,212,84,72,100.00%
뮤드_글라세립틴트_콜드체리.png,1,100,22,30,55.50%
뮤드_글라세립틴트_플러미.png,1,144,28,57,100.00%
뮤드_소프트블러틴트_러스티슈가.png,1,216,116,104,62.25%
뮤드_소프트블러틴트_로즈우드.png,1,160,68,64,94.83%
뮤드_소프트블러틴트_메이플.png,1,151,65,62,96.73%
뮤드_소프트블러틴트_버니.png,1,228,113,125,83.17%
뮤드_소프트블러틴트_번트시에나.png,1,110,32,29,73.26%
뮤드_소프트블러틴트_베리팟.png,1,107,40,48,63.20%
뮤드_소프트블러틴트_소울모브.png,1,160,79,102,81.36%
뮤드_소프트블러틴트_스무디.png,1,235,104,126,52.55%
뮤드_소프트블러틴트_인스파이어.png,1,143,66,51,97.27%
뮤드_소프트블러틴트_체리아워.png,1,172,46,52,83.31%
뮤드_소프트블러틴트_퍼피.png,1,233,82,85,94.89%
뮤드_소프트블러틴트_페일페탈.png,1,189,91,104,86.91%
뮤드_소프트블러틴트_프렌치플럼.png,1,130,34,52,69.56%
뮤드_소프트블러틴트_하트워밍.png,1,211,79,62,89.00%
바닐라코_글로우베일립스틱_러브미.png,1,145,35,32,99.97%
바닐라코_글로우베일립스틱_모브문.png,1,113,29,48,100.00%
바닐라코_글로우베일립스틱_블리스.png,1,182,66,71,100.00%
바닐라코_글로우베일립스틱_슈가코랄.png,1,209,75,76,61.09%
바닐라코_글로우베일립스틱_애플캔디.png,1,184,15,31,100.00%
바닐라코_글로우베일립스틱_쥬시피즈.png,1,220,52,18,100.00%
바닐라코_글로우베일립스틱_코지베이지.png,1,186,84,59,97.32%
바닐라코_글로우베일립스틱_핑크플레저.png,1,190,56,70,94.48%
바닐라코_글로우베일틴트_누디니어.png,1,218,98,89,100.00%
바닐라코_글로우베일틴트_딥헤이지.png,1,149,37,27,99.77%
바닐라코_글로우베일틴트_로지쉘.png,1,173,44,42,96.40%
바닐라코_글로우베일틴트_밀키시나몬.png,1,210,101,84,61.49%
바닐라코_글로우베일틴트_폴인모브.png,1,197,91,103,100.00%
바닐라코_벨벳블러드베일립스틱_드리머.png,1,209,112,119,99.60%
바닐라코_벨벳블러드베일립스틱_러스틱.png,1,203,106,86,81.55%
바닐라코_벨벳블러드베일립스틱_로지페탈.png,1,186,85,80,99.93%
바닐라코_벨벳블러드베일립스틱_스모크모브.png,1,154,67,83,100.00%
바닐라코_벨벳블러드베일립스틱_스타일아이콘.png,1,199,84,118,100.00%
바닐라코_벨벳블러드베일립스틱_위스퍼링핑크.png,1,195,95,98,99.31%
바닐라코_벨벳블러드베일립스틱_클로짓.png,1,190,82,70,91.21%
바닐라코_쉬어벨벳베일틴트_러브미.png,1,155,49,48,69.62%
바닐라코_쉬어벨벳베일틴트_모브셰어.png,1,173,99,110,99.77%
바닐라코_쉬어벨벳베일틴트_발레리나.png,1,212,116,110,98.84%
바닐라코_쉬어벨벳베일틴트_엠버베이지.png,1,165,96,68,99.77%
바닐라코_쉬어벨벳베일틴트_텐더브리즈.png,1,190,87,77,100.00%
바닐라코_쉬어벨벳베일틴트_프렌치레드.png,1,137,25,37,100.00%
바닐라코_쉬어벨벳베일틴트_피그모브.png,1,137,65,67,79.01%
바닐라코_쉬어벨벳베일틴트_피오리.png,1,202,94,106,100.00%
바닐라코_워터드롭베일틴트_러브미.png,1,201,66,58,100.00%
바닐라코_워터드롭베일틴트_로지데이즈.png,1,212,114,121,99.99%
바닐라코_워터드롭베일틴트_핑크스카이즈.png,1,225,95,115,69.16%
바닐라코_워터드롭베일틴트바비_러브미.png,1,187,39,46,100.00%
바닐라코_워터드롭베일틴트바비_로지데이즈.png,1,227,107,118,94.31%
바닐라코_워터드롭베일틴트바비_핑크스카이즈.png,1,243,84,112,96.26%
바닐라코_워터리베일틴트_오렌지콕.png,1,236,110,67,100.00%
바닐라코_워터리베일틴트_캔디코랄.png,1,211,86,72,100.00%
바닐라코_워터리베일틴트_포피레드.png,1,230,66,47,100.00%
바닐라코_워터리베일틴트_핑크버블.png,1,235,99,131,55.49%
바비브라운_럭스립스틱_레트로코랄.png,1,216,102,88,100.00%
바비브라운_럭스립스틱_선셋오렌지.png,1,174,56,44,100.00%
바비브라운_럭스립스틱_파리지안레드.png,1,150,45,43,98.42%
바비브라운_럭스립스틱_히비스커스.png,1,116,58,61,100.00%
바비브라운_럭스샤인인텐스립스틱_레드스틸레토.png,1,153,38,29,100.00%
바비브라운_럭스샤인인텐스립스틱_베어트루쓰.png,1,161,96,85,100.00%
바비브라운_럭스샤인인텐스립스틱_볼드허니.png,1,131,73,53,100.00%
바비브라운_럭스샤인인텐스립스틱_쇼스토퍼.png,1,222,76,60,100.00%
바비브라운_럭스샤인인텐스립스틱_슈퍼노바.png,1,158,54,35,100.00%
바비브라운_럭스샤인인텐스립스틱_클라렛.png,1,147,65,55,100.00%
바비브라운_럭스샤인인텐스립스틱_트레일블레이저.png,1,178,83,86,100.00%
바비브라운_럭스샤인인텐스립스틱_파리핑크.png,1,206,101,86,100.00%
바비브라운_엑스트라립틴트_베어라즈베리.png,1,179,89,100,100.00%
바비브라운_엑스트라립틴트_베어멜론.png,1,208,113,76,100.00%
바비브라운_엑스트라립틴트_베어블룸.png,1,213,95,96,100.00%
바비브라운_엑스트라립틴트_베어체리.png,1,226,76,85,100.00%
바비브라운_엑스트라립틴트_베어클라렛.png,1,152,47,38,100.00%
바비브라운_엑스트라립틴트_베어핑크.png,1,219,161,142,100.00%
바비브라운_크러쉬드립칼라_루비.png,1,131,46,49,88.77%
바비브라운_크러쉬드립칼라_비튼.png,1,202,91,104,100.00%
바비브라운_크러쉬드립칼라_워터멜론.png,1,168,44,62,100.00%
바비브라운_크러쉬드립칼라_카바나.png,1,173,82,76,100.00%
바비브라운_크러쉬드립칼라_크랜베리.png,1,141,58,61,98.32%
베네피트_스플래시틴트_슬러시.png,1,205,68,60,65.25%
베네피트_스플래시틴트_아일스타일.png,1,229,90,87,83.01%
베네피트_스플래시틴트_허니무너.png,1,208,86,90,63.72%
베네피트_플러시틴트_테디.png,1,204,81,75,96.52%
베네피트_플러시틴트_펄.png,1,201,93,99,94.76%
베네피트_플러시틴트_필로우플레이.png,1,225,118,127,90.13%
삐아_글로우립틴트_데이브리즈.png,1,138,37,48,98.12%
삐아_글로우립틴트_레이지브리즈.png,1,162,62,95,100.00%
삐아_글로우립틴트_모브보틀.png,1,149,69,76,100.00%
삐아_글로우립틴트_뱅쇼보틀.png,1,151,43,55,88.87%
삐아_글로우립틴트_빈티지보틀.png,1,174,74,73,48.10%
삐아_글로우립틴트_샌드브리즈.png,1,167,77,61,100.00%
삐아_글로우립틴트_선셋브리즈.png,1,147,32,43,100.00%
삐아_글로우립틴트_시나몬보틀.png,1,130,50,47,99.99%
삐아_글로우립틴트_차이보틀.png,1,197,105,85,88.28%
삐아_글로우립틴트_쿨브리즈.png,1,150,29,60,100.00%
삐아_라스트벨벳틴트_꽃보다살랑.png,1,214,95,83,99.64%
삐아_라스트벨벳틴트_다정보스.png,1,169,66,49,100.00%
삐아_라스트벨벳틴트_다큐의정석.png,1,155,83,94,100.00%
삐아_라스트벨벳틴트_로코의정석.png,1,166,80,67,100.00%
삐아_라스트벨벳틴트_막장의정석.png,1,150,60,53,100.00%
삐아_라스트벨벳틴트_멜로의정석.png,1,205,120,93,100.00%
삐아_라스트벨벳틴트_무드갑.png,1,191,68,55,97.19%
삐아_라스트벨벳틴트_생기갑.png,1,195,53,32,100.00%
삐아_라스트벨벳틴트_썸머로즈.png,1,212,111,121,98.98%
삐아_라스트벨벳틴트_썸머베리.png,1,200,99,123,99.27%
삐아_라스트벨벳틴트_여리갑.png,1,214,84,83,76.07%
삐아_라스트벨벳틴트_진지보스.png,1,185,101,97,100.00%
삐아_라스트벨벳틴트_침착보스.png,1,194,74,80,100.00%
삐아_라스트벨벳틴트_흥행의정석.png,1,150,61,53,99.97%
삐아_레디투웨어워터립스틱_웻로즈.png,1,156,68,70,89.12%
삐아_레디투웨어워터립스틱_웻만다린.png,1,149,84,81,99.98%
삐아_레디투웨어워터립스틱_웻애프리콧.png,1,190,104,82,98.97%
삐아_레디투웨어워터립스틱_웻카멜리아.png,1,163,42,45,98.17%
삐아_레디투웨어워터립스틱_웻플럼.png,1,147,77,95,100.00%
삐아_로틴트_가데니아로.png,1,198,95,92,94.38%
삐아_로틴트_라일락로.png,1,181,72,98,65.55%
삐아_로틴트_매그놀리아로.png,1,161,60,56,100.00%
삐아_로틴트_플레르로.png,1,187,82,99,100.00%
삐아_로틴트_피오니로.png,1,212,64,91,100.00%
삐아_로틴트_피치로.png,1,240,112,98,83.01%
삐아_로틴트_핑크로.png,1,206,91,129,100.00%
아떼_어센틱에어리립밤_써니사이드업.png,1,233,91,80,99.98%
아떼_어센틱에어리립밤_쏘웜.png,1,212,89,90,80.62%
아떼_어센틱에어리립밤_앤조이.png,1,185,103,111,81.87%
아떼_어센틱에어리립밤_체리베리머치.png,1,197,55,70,73.80%
아떼_어센틱에어리립밤_칠리.png,1,168,61,61,71.14%
아떼_어센틱에어리립밤_핑크어랏.png,1,230,110,119,99.90%
아떼_어센틱에어리립밤_헤이즈.png,1,203,117,114,84.33%
아워글래스_팬텀볼류마이징글로시밤_디자이어.png,1,148,67,73,99.98%
아워글래스_팬텀볼류마이징글로시밤_라이즈.png,1,145,78,70,100.00%
아워글래스_팬텀볼류마이징글로시밤_루시드.png,1,233,63,57,100.00%
아워글래스_팬텀볼류마이징글로시밤_루어.png,1,63,22,30,100.00%
아워글래스_팬텀볼류마이징글로시밤_루즈.png,1,92,38,24,57.24%
아워글래스_팬텀볼류마이징글로시밤_리빌.png,1,184,85,97,98.99%
아워글래스_팬텀볼류마이징글로시밤_미스트.png,1,187,88,80,99.20%
아워글래스_팬텀볼류마이징글로시밤_센스.png,1,169,87,76,69.41%
아워글래스_팬텀볼류마이징글로시밤_슬립.png,1,153,65,57,100.00%
아워글래스_팬텀볼류마이징글로시밤_쓰릴.png,1,180,39,31,99.81%
아워글래스_팬텀볼류마이징글로시밤_앤티스.png,1,107,18,14,94.39%
아워글래스_팬텀볼류마이징글로시밤_위시.png,1,147,60,40,99.97%
아워글래스_팬텀볼류마이징글로시밤_임펄스.png,1,80,21,20,72.28%
아워글래스_팬텀볼류마이징글로시밤_크레이브.png,1,140,73,69,99.57%
아워글래스_팬텀볼류마이징글로시밤_트레이스.png,1,113,56,37,92.65%
아워글래스_팬텀볼류마이징글로시밤_헤이즈.png,1,126,45,37,96.02%
어뮤즈_듀밤_물장미.png,1,184,101,110,100.00%
어뮤즈_듀밤_발레리나.png,1,244,188,199,99.94%
어뮤즈_듀밤_복숭아밤.png,1,237,127,135,100.00%
어뮤즈_듀밤_앵두.png,1,219,64,73,100.00%
어뮤즈_듀밤_어뮤즈걸.png,1,224,155,153,88.56%
어뮤즈_듀밤_포멜로듀.png,1,235,104,98,93.42%
어뮤즈_듀틴트_라비앙코랄.png,1,227,109,96,100.00%
어뮤즈_듀틴트_플리징.png,1,237,128,139,100.00%
어뮤즈_듀틴트_힙지로.png,1,224,126,94,100.00%
어뮤즈_베베틴트_누드펌킨.png,1,253,171,161,94.84%
어뮤즈_베베틴트_복숭아러브.png,1,253,178,186,66.78%
어뮤즈_베베틴트_애플라이크.png,1,253,51,67,100.00%
어뮤즈_베베틴트_초코걸.png,1,207,114,96,97.29%
어뮤즈_베베틴트_쿨히비스커스.png,1,254,134,178,98.61%
어뮤즈_베베틴트_파파야코랄.png,1,254,136,121,96.00%
어뮤즈_베베틴트_포도베베.png,1,211,88,116,100.00%
어뮤즈_베베틴트_핑크무화과.png,1,245,140,141,44.49%
어뮤즈_젤핏틴트_고져스모브.png,1,193,97,110,99.14%
어뮤즈_젤핏틴트_나르시즘.png,1,235,144,127,100.00%
어뮤즈_젤핏틴트_누핑크.png,1,241,146,157,66.12%
어뮤즈_젤핏틴트_무화과잼.png,1,249,143,140,86.94%
어뮤즈_젤핏틴트_버니버니.png,1,254,135,162,94.88%
어뮤즈_젤핏틴트_복숭아젤리.png,1,253,169,175,72.79%
어뮤즈_젤핏틴트_서울걸.png,1,215,107,131,84.33%
어뮤즈_젤핏틴트_오트무화과.png,1,226,136,138,83.67%
어뮤즈_젤핏틴트_장미우유.png,1,253,123,174,77.19%
어뮤즈_젤핏틴트_카라멜.png,1,181,92,82,70.98%
어뮤즈_젤핏틴트_쿨다이브.png,1,238,126,153,90.51%
어뮤즈_젤핏틴트_헬시살몬.png,1,254,137,151,92.13%
어반디케이_바이스립본드_언브레이커블.png,1,185,13,9,100.00%
어반디케이_바이스립본드_엑스러버.png,1,192,70,53,100.00%
어반디케이_바이스립본드_커프드업.png,1,249,173,183,100.00%
어반디케이_바이스립본드_텍스트뎀.png,1,216,138,138,100.00%
어반디케이_바이스립본드_풋티지.png,1,92,2,1,100.00%
어반디케이_바이스립본드_피디에이.png,1,196,93,90,100.00%
어반디케이_바이스립스틱_디티엘에이.png,1,191,98,97,100.00%
어반디케이_바이스립스틱_업타이트.png,1,177,101,90,97.74%
에뛰드_글로우픽싱틴트_듀이피그.png,1,221,116,108,100.00%
에뛰드_글로우픽싱틴트_레드상그리아.png,1,119,32,60,100.00%
에뛰드_글로우픽싱틴트_리치베이지.png,1,193,116,101,70.37%
에뛰드_글로우픽싱틴트_멜로우핑크.png,1,220,115,127,100.00%
에뛰드_글로우픽싱틴트_모브먼트.png,1,185,103,110,100.00%
에뛰드_글로우픽싱틴트_칠링레드.png,1,213,81,88,100.00%
에뛰드_글로우픽싱틴트_콜드푸시아.png,1,178,65,107,100.00%
에뛰드_오버글로이틴트_깜고로즈젤리.png,1,238,102,88,53.98%
에뛰드_오버글로이틴트_또리한애플레드.png,1,234,41,36,68.82%
에뛰드_오버글로이틴트_밤비체리.png,1,186,1,76,100.00%
에뛰드_오버글로이틴트_수달리쉬브라운.png,1,171,65,60,100.00%
에뛰드_오버글로이틴트_치유의피치숲.png,1,234,88,77,100.00%
에뛰드_오버글로이틴트_확신의 핑크스톤.png,1,139,37,67,94.45%
에뛰드_진저슈가멜팅밤_로지베리.png,1,220,48,65,72.89%
에뛰드_진저슈가멜팅밤_베어피치.png,1,183,81,68,50.51%
에뛰드_진저슈가멜팅밤_소프트모브.png,1,162,73,80,100.00%
에뛰드_진저슈가멜팅밤_피그베이지.png,1,171,86,70,100.00%
에뛰드_진저슈가멜팅밤_피넛버터.png,1,155,79,63,100.00%
에뛰드_픽싱틴트_로즈라일락.png,1,137,23,74,100.00%
에뛰드_픽싱틴트_로즈블렌딩.png,1,168,50,82,100.00%
에뛰드_픽싱틴트_멜란지로즈.png,1,245,110,104,100.00%
에뛰드_픽싱틴트_미드나잇모브.png,1,185,93,98,100.00%
에뛰드_픽싱틴트_베리레드.png,1,104,32,43,100.00%
에뛰드_픽싱틴트_베이크드피칸.png,1,158,66,67,100.00%
에뛰드_픽싱틴트_살몬브릭.png,1,194,90,86,100.00%
에뛰드_픽싱틴트_아날로그로즈.png,1,192,52,63,100.00%
에뛰드_픽싱틴트_우디핑크.png,1,168,79,93,100.00%
에뛰드_픽싱틴트_코랄브리즈.png,1,215,79,76,99.70%
에뛰드_픽싱틴트_쿨핑온탑.png,1,196,121,140,100.00%
에뛰드_픽싱틴트_크랜베리플럼.png,1,178,71,80,100.00%
에뛰드_픽싱틴트_핑크피크.png,1,169,62,73,100.00%
에스쁘아_꾸뛰르립틴트글레이즈_로사.png,1,229,48,63,99.60%
에스쁘아_꾸뛰르립틴트글레이즈_애플소르베.png,1,235,25,43,76.86%
에스쁘아_꾸뛰르립틴트글레이즈_오드코랄.png,1,253,57,66,76.86%
에스쁘아_꾸뛰르립틴트글레이즈_오키드.png,1,248,30,113,100.00%
에스쁘아_꾸뛰르립틴트글레이즈_칠링칠링.png,1,217,76,91,100.00%
에스쁘아_꾸뛰르립틴트글레이즈_허쉬드체리.png,1,133,6,33,100.00%
에스쁘아_꾸뛰르립틴트블러벨벳_모브닝.png,1,161,87,96,94.34%
에스쁘아_꾸뛰르립틴트블러벨벳_문릿.png,1,233,97,91,94.43%
에스쁘아_꾸뛰르립틴트블러벨벳_세레나데.png,1,214,96,113,99.72%
에스쁘아_꾸뛰르립틴트블러벨벳_칠린.png,1,192,48,65,100.00%
에스쁘아_꾸뛰르립틴트블러벨벳_코지.png,1,234,113,101,100.00%
에스쁘아_꾸뛰르립틴트블러벨벳_피버.png,1,133,54,70,99.58%
에스쁘아_꾸뛰르립틴트블러벨벳_피오니.png,1,226,109,113,100.00%
에스쁘아_꾸뛰르립틴트블러벨벳_헤이즈.png,1,189,115,121,84.83%
에스쁘아_노웨어바밍글로우_뉴로즈.png,1,241,121,142,100.00%
에스쁘아_노웨어바밍글로우_베리코어.png,1,254,6,34,100.00%
에스쁘아_노웨어바밍글로우_블루베리.png,1,191,75,115,100.00%
에스쁘아_노웨어바밍글로우_비비디.png,1,253,49,15,100.00%
에스쁘아_노웨어바밍글로우_애쉬메이플.png,1,208,99,89,97.12%
에스쁘아_노웨어바밍글로우_크랜베리.png,1,184,2,37,100.00%
에스쁘아_노웨어바밍글로우_헤이베스티.png,1,253,66,135,100.00%
에스쁘아_더슬릭립스틱크림매트_레어로지.png,1,249,58,101,100.00%
에스쁘아_더슬릭립스틱크림매트_로지비비.png,1,208,79,99,100.00%
에스쁘아_더슬릭립스틱크림매트_바캉스.png,1,217,65,87,100.00%
에스쁘아_더슬릭립스틱크림매트_발렌타인.png,1,253,117,131,100.00%
에스쁘아_더슬릭립스틱크림매트_세레나데.png,1,225,91,126,100.00%
에스쁘아_더슬릭립스틱크림매트_이브.png,1,230,41,33,80.07%
에스쁘아_더슬릭립스틱크림매트_포지.png,1,245,100,85,69.12%
에스쁘아_메가멜팅밤_나잇아웃.png,1,229,73,86,100.00%
에스쁘아_메가멜팅밤_포에버영.png,1,191,106,72,100.00%
에스쁘아_메가멜팅밤_플래시셀피.png,1,229,75,122,100.00%
에스쁘아_메가멜팅밤_필링팁시.png,1,194,0,80,100.00%
에스쁘아_메가멜팅밤_하티타티.png,1,235,0,21,100.00%
에스티로더_퓨어컬러립스틱_디파이언트코랄.png,1,208,104,115,100.00%
에스티로더_퓨어컬러립스틱_레벨리어스로즈.png,1,163,98,109,100.00%
에스티로더_퓨어컬러립스틱_스릴미.png,1,184,86,62,100.00%
에스티로더_퓨어컬러립스틱_익센트릭.png,1,216,142,154,100.00%
에스티로더_퓨어컬러립스틱_캡티베이티드.png,1,171,92,69,100.00%
에이오유_글로이틴트밤_굿밤.png,1,250,141,110,100.00%
에이오유_글로이틴트밤_땅콩밤.png,1,179,90,79,50.98%
에이오유_글로이틴트밤_버블밤.png,1,233,100,122,65.59%
에이오유_글로이틴트밤_사과밤.png,1,236,41,75,100.00%
에이오유_글로이틴트밤_앵두밤.png,1,204,22,35,91.14%
에이오유_글로이틴트밤_오디밤.png,1,132,50,62,98.68%
에이오유_글로이틴트밤_초코밤.png,1,134,53,29,93.32%
에이오유_글로이틴트밤_홍시밤.png,1,244,85,65,98.88%
오에니르_듀잇틴트_돌체크림.png,1,197,115,107,89.59%
오에니르_듀잇틴트_러브모어.png,1,203,116,119,98.69%
오에니르_듀잇틴트_모브누드.png,1,181,87,108,99.72%
오에니르_듀잇틴트_살구베이비.png,1,221,121,91,100.00%
오에니르_듀잇틴트_코코버디.png,1,183,88,86,99.07%
오에니르_듀잇틴트_페어리윙크.png,1,202,90,104,98.98%
오에니르_아워글로우립_루티나.png,1,121,52,48,68.00%
오에니르_아워글로우립_멜로우.png,1,179,82,81,58.65%
오에니르_아워글로우립_윈디아.png,1,157,84,98,53.01%
오에니르_아워글로우립_칠리쉬.png,1,133,37,28,85.71%
오에니르_아워글로우립_토스티.png,1,132,53,39,81.54%
오에니르_아워글로우립_플러밍.png,1,107,30,39,100.00%
웨이크메이크_듀이젤글레이즈스틱_라즈베리퓨레.png,1,231,49,108,100.00%
웨이크메이크_듀이젤글레이즈스틱_멜티드핑크.png,1,211,94,100,100.00%
웨이크메이크_듀이젤글레이즈스틱_뮤트퍼센트.png,1,180,92,104,100.00%
웨이크메이크_듀이젤글레이즈스틱_뮤티드플럼.png,1,170,74,97,99.93%
웨이크메이크_듀이젤글레이즈스틱_시럽피코랄.png,1,249,88,83,98.05%
웨이크메이크_듀이젤글레이즈스틱_애프리콧튜드.png,1,244,166,130,80.50%
웨이크메이크_듀이젤글레이즈스틱_어텀글레이즈.png,1,184,79,85,97.82%
웨이크메이크_듀이젤글레이즈스틱_워밍코랄.png,1,239,102,95,98.02%
웨이크메이크_듀이젤글레이즈스틱_쿨리쉬베리.png,1,232,78,110,100.00%
웨이크메이크_듀이젤글레이즈스틱_크러쉬드레드.png,1,159,0,27,100.00%
웨이크메이크_듀이젤글레이즈스틱_플럼브루.png,1,157,51,78,100.00%
웨이크메이크_듀이젤글로우틴트_글래시모브.png,1,238,131,180,95.11%
웨이크메이크_듀이젤글로우틴트_레이지모브.png,1,213,86,112,99.87%
웨이크메이크_듀이젤글로우틴트_머츄어텀.png,1,160,75,73,100.00%
웨이크메이크_듀이젤글로우틴트_버블리코랄.png,1,242,117,112,98.91%
웨이크메이크_듀이젤글로우틴트_센슈얼레드.png,1,174,48,51,73.45%
웨이크메이크_듀이젤글로우틴트_칠업코랄.png,1,227,81,74,100.00%
웨이크메이크_듀이젤글로우틴트_쿨리쉬체리.png,1,133,32,60,100.00%
웨이크메이크_듀이젤글로우틴트_피그필링.png,1,172,91,98,99.97%
웨이크메이크_듀이젤글로우틴트_피오니피즈.png,1,254,72,121,100.00%
웨이크메이크_듀이젤글로우틴트_피치바이트코랄.png,1,209,87,90,50.08%
웨이크메이크_듀이젤글로우틴트_하이퍼베리.png,1,228,41,120,100.00%
웨이크메이크_벨벳블러링매트스틱_뉴카고.png,1,155,83,74,100.00%
웨이크메이크_벨벳블러링매트스틱_로즈뱅.png,1,180,108,100,58.90%
웨이크메이크_벨벳블러링매트스틱_마젠타러시.png,1,192,96,119,94.33%
웨이크메이크_벨벳블러링매트스틱_비러브드로즈.png,1,187,120,123,89.04%
웨이크메이크_벨벳블러링매트스틱_오버푸시아.png,1,214,110,124,67.01%
웨이크메이크_벨벳블러링매트스틱_테이스티피치.png,1,199,120,111,69.21%
웨이크메이크_벨벳블러링매트스틱_포쉬브릭.png,1,183,109,102,99.62%
웨이크메이크_벨벳블러링매트스틱_피치블러시.png,1,215,163,145,82.82%
웨이크메이크_벨벳블러링매트스틱_핑크퍼프.png,1,212,119,132,85.84%
웨이크메이크_벨벳블러링매트스틱_핑크포엠.png,1,196,133,136,96.45%
웨이크메이크_벨벳블러링픽싱틴트_누디숄.png,1,182,97,97,55.90%
웨이크메이크_벨벳블러링픽싱틴트_레드어센틱.png,1,205,66,67,56.38%
웨이크메이크_벨벳블러링픽싱틴트_로즈보울.png,1,168,77,87,60.13%
웨이크메이크_벨벳블러링픽싱틴트_어텀씬.png,1,177,73,66,66.14%
웨이크메이크_벨벳블러링픽싱틴트_웜페어링.png,1,191,86,76,96.67%
웨이크메이크_벨벳블러링픽싱틴트_컴피웜쓰.png,1,180,103,95,91.93%
웨이크메이크_벨벳블러링픽싱틴트_쿨페어링.png,1,152,81,97,91.67%
웨이크메이크_벨벳블러링픽싱틴트_퍼킹푸시아.png,1,182,53,82,91.40%
웨이크메이크_벨벳블러링픽싱틴트_프롬페일.png,1,190,115,131,70.85%
웨이크메이크_벨벳블러링픽싱틴트_프리저브드모브.png,1,166,97,110,57.00%
웨이크메이크_수분톡틴트_레드워터.png,1,204,11,32,100.00%
웨이크메이크_수분톡틴트_머츄어코랄워터.png,1,185,28,32,50.27%
웨이크메이크_수분톡틴트_사워핑크워터.png,1,238,10,107,98.38%
웨이크메이크_수분톡틴트_자몽워터.png,1,238,43,0,100.00%
웨이크메이크_수분톡틴트_체리샷워터.png,1,199,0,54,100.00%
웨이크메이크_수분톡틴트_플럼프레소워터.png,1,122,1,17,99.87%
웨이크메이크_워터블러링픽싱틴트_레드체크아웃.png,1,157,38,32,67.07%
웨이크메이크_워터블러링픽싱틴트_뮤트어페어.png,1,240,131,103,100.00%
웨이크메이크_워터블러링픽싱틴트_뮤티드아콘.png,1,184,96,84,100.00%
웨이크메이크_워터블러링픽싱틴트_베리피즈.png,1,224,27,97,92.63%
웨이크메이크_워터블러링픽싱틴트_빈노이즈.png,1,214,83,104,100.00%
웨이크메이크_워터블러링픽싱틴트_소프트브릭.png,1,223,101,84,64.50%
웨이크메이크_워터블러링픽싱틴트_스프링라이크핑크.png,1,254,103,110,100.00%
웨이크메이크_워터블러링픽싱틴트_어텀뮬리.png,1,206,89,106,100.00%
웨이크메이크_워터블러링픽싱틴트_오리엔탈루비.png,1,213,11,18,100.00%
웨이크메이크_워터블러링픽싱틴트_젠틀브릭.png,1,170,64,51,100.00%
웨이크메이크_워터블러링픽싱틴트_텐더모브.png,1,217,117,113,99.97%
웨이크메이크_워터블러링픽싱틴트_피그올로지.png,1,225,103,113,89.19%
웨이크메이크_워터블러링픽싱틴트_피치비치.png,1,254,148,115,100.00%
웨이크메이크_워터블러링픽싱틴트_핑크미터.png,1,242,88,105,80.73%
웨이크메이크_워터블러링픽싱틴트_핑크하이웨이.png,1,249,76,125,100.00%
입큰_퍼피글로우틴트_로지코어.png,1,184,63,69,61.52%
입큰_퍼피글로우틴트_리치봉봉.png,1,207,95,94,100.00%
입큰_퍼피글로우틴트_모브문.png,1,207,96,112,76.83%
입큰_퍼피글로우틴트_애플콕.png,1,207,0,43,100.00%
입큰_퍼피글로우틴트_쥬시캐롯.png,1,233,45,32,97.59%
입큰_퍼피글로우틴트_체리글레이즈.png,1,183,14,63,98.78%
입큰_퍼피글로우틴트_코코브릭.png,1,170,68,63,100.00%
입큰_퍼피글로우틴트_핑크베어.png,1,247,59,116,100.00%
정샘물_뉴클래식글레이즈립스틱_나르시즘핑크.png,1,232,57,98,100.00%
정샘물_뉴클래식글레이즈립스틱_듀이탠저린.png,1,233,76,67,100.00%
정샘물_뉴클래식글레이즈립스틱_애플러팅.png,1,211,1,38,100.00%
정샘물_뉴클래식매트립스틱_베이스잇.png,1,208,139,130,100.00%
정샘물_뉴클래식매트립스틱_소프트코랄.png,1,222,129,103,100.00%
정샘물_뉴클래식매트립스틱_저스트레드.png,1,179,2,16,100.00%
정샘물_뉴클래식매트립스틱_콜드베리.png,1,86,32,45,99.93%
정샘물_뉴클래식매트립스틱_피오니로즈.png,1,214,91,98,100.00%
정샘물_뉴클래식샤인립스틱_디어베이지.png,1,239,192,172,100.00%
정샘물_뉴클래식샤인립스틱_레드웨이.png,1,180,12,0,100.00%
정샘물_뉴클래식샤인립스틱_멀베리.png,1,86,14,30,100.00%
정샘물_뉴클래식샤인립스틱_워밍핑크.png,1,205,125,116,100.00%
정샘물_뉴클래식샤인립스틱_이터널로즈.png,1,201,93,100,100.00%
정샘물_립프레션글로우래스팅틴트_돌체로즈.png,1,133,47,56,100.00%
정샘물_립프레션글로우래스팅틴트_모어딥플럼.png,1,148,29,50,100.00%
정샘물_립프레션글로우래스팅틴트_소프트베이지.png,1,214,132,104,100.00%
정샘물_립프레션글로우래스팅틴트_폴인레드.png,1,170,35,41,100.00%
정샘물_립프레션글로우래스팅틴트_핑키모브.png,1,194,89,97,100.00%
정샘물_립프레션워터래스팅틴트_듀스칼렛.png,1,217,53,55,100.00%
정샘물_립프레션워터래스팅틴트_로즈웨이브.png,1,233,100,108,100.00%
정샘물_립프레션워터래스팅틴트_미스트오키드.png,1,233,133,176,100.00%
정샘물_립프레션워터래스팅틴트_코랄드리즐.png,1,237,119,104,100.00%
정샘물_립프레션워터래스팅틴트_핑크릴.png,1,235,97,113,83.04%
컬러그램_썬더볼틴트라커_꽃미모톡.png,1,221,61,46,77.19%
컬러그램_썬더볼틴트라커_라이트톡.png,1,210,37,5,95.87%
컬러그램_썬더볼틴트라커_로맨스톡.png,1,199,54,36,100.00%
컬러그램_썬더볼틴트라커_오로지톡.png,1,214,57,71,100.00%
컬러그램_썬더볼틴트라커_좌심방톡.png,1,247,49,43,53.55%
컬러그램_썬더볼틴트라커_핑크폼톡.png,1,204,32,74,100.00%
컬러그램_쥬시블러틴트_딸기칠링해.png,1,212,52,86,100.00%
컬러그램_쥬시블러틴트_봄피치맑음.png,1,226,99,91,60.63%
컬러그램_쥬시블러틴트_살구힙쟁이.png,1,198,66,63,54.40%
컬러그램_쥬시블러틴트_애플쌍따봉.png,1,196,7,35,100.00%
컬러그램_쥬시블러틴트_웃상체리.png,1,191,30,82,87.24%
컬러그램_쥬시블러틴트_찌릿구아바.png,1,207,38,72,72.30%
컬러그램_쥬시블러틴트_치얼업리치.png,1,203,82,90,100.00%
컬러그램_쥬시블러틴트_폭닥꿀숭아.png,1,180,66,98,66.91%
컬러그램_쥬시퐁당틴트_깨물앵두.png,1,226,6,46,73.65%
컬러그램_쥬시퐁당틴트_꿀잼피치.png,1,254,107,92,100.00%
컬러그램_쥬시퐁당틴트_딸기둥절.png,1,244,110,136,100.00%
컬러그램_쥬시퐁당틴트_땡큐베리.png,1,217,41,79,72.69%
컬러그램_쥬시퐁당틴트_물먹리치.png,1,237,90,111,87.24%
컬러그램_쥬시퐁당틴트_쿨복숭아.png,1,216,70,106,100.00%
컬러그램_쥬시퐁당틴트_킬포멜론.png,1,254,98,129,82.78%
컬러그램_쥬시퐁당틴트_포도방정.png,1,223,65,126,100.00%
컬러그램_탕후루탱글꿀로스_낑까아앙.png,1,253,154,115,91.44%
컬러그램_탕후루탱글꿀로스_딸기키킥.png,1,253,153,194,100.00%
컬러그램_탕후루탱글꿀로스_포도도독.png,1,230,166,206,100.00%
컬러그램_탕후루탱글스틱_무화과랑해.png,1,237,128,149,100.00%
컬러그램_탕후루탱글스틱_베리짜릿해.png,1,235,94,103,73.00%
컬러그램_탕후루탱글스틱_보고파파야.png,1,236,110,92,99.99%
컬러그램_탕후루탱글틴트_럽라즈베리.png,1,193,17,49,51.70%
컬러그램_탕후루탱글틴트_말랑홍시.png,1,216,100,90,99.87%
컬러그램_탕후루탱글틴트_버터핑라이.png,1,234,92,112,96.86%
컬러그램_탕후루탱글틴트_블로섬핑.png,1,253,118,87,100.00%
컬러그램_탕후루탱글틴트_살랑살구.png,1,246,112,76,100.00%
컬러그램_탕후루탱글틴트_수줍구아바.png,1,245,108,134,100.00%
컬러그램_탕후루탱글틴트_언핑리버블.png,1,254,112,111,99.67%
컬러그램_탕후루탱글틴트_잔망베리.png,1,220,48,87,99.47%
컬러그램_탕후루탱글틴트_청량쿨숭아.png,1,220,77,119,100.00%
컬러그램_탕후루탱글틴트_햇꿀자몽.png,1,223,74,66,100.00%
컬러그램_틴토리잼_꿀수박바.png,1,0,0,0,72.86%
컬러그램_틴토리잼_너무화과지.png,1,186,42,59,99.74%
컬러그램_틴토리잼_땅따리자몽.png,1,253,76,71,93.42%
컬러그램_틴토리잼_앙버찌.png,1,160,13,51,100.00%
컬러그램_틴토리잼_앵두리번.png,1,214,34,70,52.43%
컬러그램_틴토리잼_피치삐짐.png,1,231,72,92,100.00%
케이트_립몬스터수플레매트_고스트문.png,1,144,75,47,100.00%
케이트_립몬스터수플레매트_딥레드크림슨.png,1,142,58,51,100.00%
케이트_립몬스터수플레매트_로어링방케.png,1,169,101,105,49.79%
케이트_립몬스터수플레매트_미스티머드.png,1,152,90,79,100.00%
케이트_립몬스터수플레매트_셀레브레이션컨페티.png,1,177,88,100,96.41%
케이트_립몬스터수플레매트_이모탈체리블라썸.png,1,183,91,84,99.98%
케이트_립몬스터수플레매트_토스트.png,1,141,80,64,99.62%
케이트_립몬스터수플레매트_프레시라테라이트.png,1,132,65,54,97.54%
케이트_케이트립몬스터_2AM.png,1,160,57,65,97.64%
케이트_케이트립몬스터_3AM.png,1,220,121,156,100.00%
케이트_케이트립몬스터_5AM.png,1,171,83,65,100.00%
케이트_케이트립몬스터_다크나이트팡파르.png,1,159,86,65,99.99%
케이트_케이트립몬스터_다크피그.png,1,164,83,83,96.56%
케이트_케이트립몬스터_라스트보스.png,1,180,58,71,100.00%
케이트_케이트립몬스터_루비보우.png,1,151,64,81,100.00%
케이트_케이트립몬스터_매더레스사일런스.png,1,187,69,56,96.92%
케이트_케이트립몬스터_미드나잇트리츠.png,1,156,84,72,83.83%
케이트_케이트립몬스터_어스파이어드선배딩.png,1,221,110,81,93.93%
케이트_케이트립몬스터_언더그라운드.png,1,178,59,45,100.00%
케이트_케이트립몬스터_크리스탈볼.png,1,186,63,58,99.94%
케이트_케이트립몬스터_클럼프오브디자이어.png,1,214,80,92,100.00%
케이트_케이트립몬스터_핑크바나나.png,1,211,83,89,100.00%
케이트_케이트립몬스터_히트헤이즈.png,1,203,115,114,89.30%
코드글로컬러_픽스온프라이머인틴트_베리빈티지.png,1,193,90,110,46.35%
코드글로컬러_픽스온프라이머인틴트_샌디베이지.png,1,225,125,132,65.57%
코드글로컬러_픽스온프라이머인틴트_올웨이즈뮤트.png,1,220,129,123,77.87%
코드글로컬러_픽스온프라이머인틴트_칠핑크.png,1,202,87,107,48.40%
코드글로컬러_픽스온프라이머인틴트_허쉬로즈.png,1,214,76,81,84.75%
코스노리_워터블러리틴트_러브페어링.png,1,202,83,93,100.00%
코스노리_워터블러리틴트_로즈두.png,1,205,79,78,85.93%
코스노리_워터블러리틴트_리저브무드.png,1,185,79,78,98.29%
코스노리_워터블러리틴트_빈티지모브.png,1,212,110,124,100.00%
코스노리_워터블러리틴트_오브마티니.png,1,198,116,108,100.00%
코스노리_플로우웨이브틴트_글레어.png,1,233,112,144,100.00%
코스노리_플로우웨이브틴트_디어.png,1,254,113,112,100.00%
코스노리_플로우웨이브틴트_베베.png,1,216,112,97,100.00%
코스노리_플로우웨이브틴트_써피.png,1,254,118,138,100.00%
코스노리_플로우웨이브틴트_위티.png,1,254,79,84,100.00%
코스노리_플로우웨이브틴트_카인드.png,1,212,92,74,100.00%
코스노리_플로우웨이브틴트_코랄부케.png,1,234,122,110,100.00%
코스노리_플로우웨이브틴트_펀치.png,1,254,116,95,100.00%
코스노리_플로우웨이브틴트_포플.png,1,177,74,84,99.54%
코스노리_플로우웨이브틴트_피치로즈.png,1,230,117,119,100.00%
코스노리_플로우웨이브틴트_핑크러쉬.png,1,254,87,125,95.54%
코스노리_플로우웨이브틴트_핑크릴리.png,1,224,95,113,100.00%
클리오_듀이블러틴트_사일런트와인.png,1,156,55,54,69.62%
클리오_듀이블러틴트_애프터라이트핑크.png,1,191,58,47,93.29%
클리오_듀이블러틴트_카라멜펌킨.png,1,204,95,68,96.86%
클리오_듀이블러틴트_코랄더스티.png,1,177,44,45,62.61%
클리오_듀이블러틴트_토스티체리.png,1,149,31,7,100.00%
클리오_쉬폰무드립_라즈베리쉬폰수플레.png,1,164,78,70,94.42%
클리오_쉬폰무드립_로즈넛.png,1,149,83,84,98.22%
클리오_쉬폰무드립_모브푸시아.png,1,150,79,89,100.00%
클리오_쉬폰무드립_스트로베리쿠키.png,1,200,113,122,89.85%
클리오_쉬폰무드립_에버코랄.png,1,200,104,93,99.89%
클리오_쉬폰무드립_텐저린타르트.png,1,214,117,103,92.38%
클리오_쉬폰무드립_플럼마카롱.png,1,179,97,110,100.00%
클리오_쉬폰무드립_피그밀푀유.png,1,180,100,94,99.95%
클리오_쉬폰블러틴트_고당도생딸기.png,1,227,78,97,100.00%
클리오_쉬폰블러틴트_달달초코스무디.png,1,179,95,82,90.51%
클리오_쉬폰블러틴트_부드러운밀크티.png,1,209,124,102,99.80%
클리오_쉬폰블러틴트_상큼한비트주스.png,1,182,80,86,99.90%
클리오_쉬폰블러틴트_속빨간왕자두.png,1,202,56,77,57.65%
클리오_쉬폰블러틴트_싱싱한참살구.png,1,238,112,96,99.67%
클리오_쉬폰블러틴트_크랜베리토핑.png,1,156,76,88,100.00%
클리오_쉬폰블러틴트_특대왕금사과.png,1,216,93,99,86.05%
클리오_크리스탈글래밤_꿀라즈베리.png,1,189,87,108,100.00%
클리오_크리스탈글래밤_꿀무화과.png,1,216,93,80,97.02%
클리오_크리스탈글래밤_꿀복숭아.png,1,254,219,220,53.65%
클리오_크리스탈글래밤_꿀사과.png,1,211,63,71,100.00%
클리오_크리스탈글래밤_꿀살구.png,1,254,163,140,100.00%
클리오_크리스탈글래밤_꿀앵두.png,1,245,46,88,100.00%
클리오_크리스탈글램틴트_데일리모브.png,1,234,99,115,83.17%
클리오_크리스탈글램틴트_멜로우피그.png,1,240,116,102,100.00%
클리오_크리스탈글램틴트_모던코랄베이지.png,1,218,135,105,100.00%
클리오_크리스탈글램틴트_베어피치.png,1,251,108,103,91.93%
클리오_크리스탈글램틴트_베이비베리.png,1,254,72,112,100.00%
클리오_크리스탈글램틴트_블러쉬드피치.png,1,254,108,141,100.00%
클리오_크리스탈글램틴트_빈티지애플.png,1,204,73,76,88.73%
클리오_크리스탈글램틴트_썸머애프리콧.png,1,249,131,101,100.00%
클리오_크리스탈글램틴트_젠틀시나몬.png,1,182,51,54,61.36%
클리오_크리스탈글램틴트_파이어리로즈.png,1,197,0,37,100.00%
클리오_크리스탈글램틴트_페일플럼.png,1,224,110,138,100.00%
클리오_크리스탈글램틴트_프레쉬체리.png,1,211,0,62,91.34%
클리오_퓨어블러틴트_과즙가득한체리.png,1,157,31,57,100.00%
클리오_퓨어블러틴트_당도높은딸기.png,1,199,43,87,99.94%
클리오_퓨어블러틴트_발그레익은석류.png,1,171,36,53,99.98%
클리오_퓨어블러틴트_붉게물든사과.png,1,173,37,34,83.73%
클리오_퓨어블러틴트_여린속살의리치.png,1,197,97,69,98.19%
클리오_퓨어블러틴트_태양빛받은오렌지.png,1,213,77,63,96.64%
클리오_퓨어블러틴트_풋내나는무화과.png,1,189,106,112,100.00%
클리오_퓨어블러틴트_핑크솜털의복숭아.png,1,196,56,83,98.38%
키보_도톰립플러스립플럼퍼_그레이프콕.png,1,237,130,152,100.00%
키보_도톰립플러스립플럼퍼_무화과스무디.png,1,206,99,105,100.00%
키보_도톰립플러스립플럼퍼_뱅쇼.png,1,158,40,56,85.75%
키보_도톰립플러스립플럼퍼_스윗펌킨.png,1,241,109,71,100.00%
키보_도톰립플러스립플럼퍼_스프링달링.png,1,252,140,139,89.16%
키보_도톰립플러스립플럼퍼_썸머오렌지.png,1,253,30,13,100.00%
키보_도톰립플러스립플럼퍼_썸머탱져린.png,1,253,94,73,88.76%
키보_도톰립플러스립플럼퍼_앵두쨈.png,1,185,22,42,100.00%
키보_도톰립플러스립플럼퍼_어텀딜라잇.png,1,241,109,159,100.00%
키보_도톰립플러스립플럼퍼_어텀로즈.png,1,204,96,102,100.00%
키보_도톰립플러스립플럼퍼_윈터베리.png,1,151,43,66,100.00%
키보_도톰립플러스립플럼퍼_윈터오브미.png,1,228,34,53,100.00%
키보_도톰립플러스립플럼퍼_자몽티.png,1,251,58,51,100.00%
키보_도톰립플러스립플럼퍼_체리에이드.png,1,250,45,57,99.74%
키보_도톰립플러스립플럼퍼_피치펀치.png,1,221,82,90,100.00%
키보_도톰립플러스립플럼퍼_핑크크러쉬.png,1,246,98,169,98.68%
키스미_아이라이트블러리픽싱틴트_로지데저트.png,1,157,81,71,100.00%
키스미_아이라이트블러리픽싱틴트_릿치레드.png,1,137,34,29,99.95%
키스미_아이라이트블러리픽싱틴트_모비쉬다프네.png,1,128,39,56,97.92%
키스미_아이라이트블러리픽싱틴트_스모키로즈.png,1,185,78,80,83.14%
키스미_아이라이트블러리픽싱틴트_콜드루비.png,1,120,25,19,100.00%
키스미_아이라이트블러리픽싱틴트_퍼시몬코랄.png,1,146,49,47,99.63%
키스미_아이캔디피팅틴트_레드플레이버.png,1,112,3,25,100.00%
키스미_아이캔디피팅틴트_탠크러시.png,1,153,33,22,100.00%
키스미_아이캔디피팅틴트_핑크더비.png,1,176,65,97,100.00%
키스미_아이퍼스트매트립스틱_로스팅로즈.png,1,160,77,81,84.01%
키스미_아이퍼스트매트립스틱_릿치레드.png,1,139,28,27,88.64%
키스미_아이퍼스트매트립스틱_베일드모브.png,1,173,101,110,80.36%
키스미_아이퍼스트매트립스틱_솔티드베이지.png,1,174,95,96,57.00%
키스미_아이퍼스트매트립스틱_칠링마젠타.png,1,136,38,41,45.22%
키스미_아이퍼스트매트립스틱_코랄선셋.png,1,205,116,112,56.05%
토니모리_겟잇틴트 글레이즈밤_라벤더블라썸.png,1,184,96,157,99.93%
토니모리_겟잇틴트 글레이즈밤_로지퓨레.png,1,214,80,101,100.00%
토니모리_겟잇틴트 글레이즈밤_베리플럼.png,1,145,33,49,99.77%
토니모리_겟잇틴트 글레이즈밤_솜사탕핑크.png,1,243,60,105,100.00%
토니모리_겟잇틴트 글레이즈밤_스파클링코랄.png,1,253,110,90,100.00%
토니모리_겟잇틴트 글레이즈밤_코랄피즈.png,1,209,42,31,100.00%
토니모리_겟잇틴트 글레이즈밤_토피애플.png,1,179,26,41,99.54%
토니모리_겟잇틴트 글레이즈밤_핑크슈가.png,1,229,69,107,100.00%
토니모리_겟잇틴트워터풀버터_너티크림.png,1,202,103,100,65.92%
토니모리_겟잇틴트워터풀버터_로즈타르트.png,1,180,87,92,66.41%
토니모리_겟잇틴트워터풀버터_로지모카.png,1,189,97,89,94.68%
토니모리_겟잇틴트워터풀버터_리치플럼.png,1,189,103,130,87.80%
토니모리_겟잇틴트워터풀버터_모브브루.png,1,175,84,97,91.87%
토니모리_겟잇틴트워터풀버터_베리슈.png,1,247,116,143,99.67%
토니모리_겟잇틴트워터풀버터_애프터코랄.png,1,220,81,86,100.00%
토니모리_겟잇틴트워터풀버터_애플팝.png,1,216,29,43,71.97%
토니모리_겟잇틴트워터풀버터_원터뱅쇼.png,1,152,80,103,100.00%
토니모리_겟잇틴트워터풀버터_진저라떼.png,1,175,84,50,100.00%
토니모리_겟잇틴트워터풀버터_쿨로지.png,1,201,71,114,90.74%
토니모리_겟잇틴트워터풀버터_피치롤.png,1,218,92,96,100.00%
토니모리_겟잇틴트워터풀버터_핫시나몬.png,1,152,75,61,100.00%
토니모리_겟잇틴트컬러풀워터_레드핫.png,1,224,37,0,100.00%
토니모리_겟잇틴트컬러풀워터_베이비오렌지.png,1,210,90,73,100.00%
토니모리_겟잇틴트컬러풀워터_오마이로즈.png,1,191,69,72,60.43%
토니모리_겟잇틴트컬러풀워터_칠리페퍼.png,1,161,5,6,100.00%
토니모리_겟잇틴트컬러풀워터_푸시아판타지.png,1,177,35,47,100.00%
투에이엔_듀글로이틴트_고트.png,1,206,54,56,72.19%
투에이엔_듀글로이틴트_너티.png,1,213,135,115,100.00%
투에이엔_듀글로이틴트_델리쉬.png,1,214,117,100,100.00%
투에이엔_듀글로이틴트_로즈풀.png,1,222,94,97,88.75%
투에이엔_듀글로이틴트_멜로즈.png,1,206,78,89,100.00%
투에이엔_듀글로이틴트_무아.png,1,218,109,102,98.08%
투에이엔_듀글로이틴트_뮤즈.png,1,198,60,68,84.46%
투에이엔_듀글로이틴트_비터스윗.png,1,178,89,68,99.97%
투에이엔_듀글로이틴트_스터닝.png,1,230,121,128,99.44%
투에이엔_듀글로이틴트_엔비.png,1,193,107,112,82.91%
투쿨포스쿨_끌레어틴트_글림레드.png,1,136,29,38,100.00%
투쿨포스쿨_끌레어틴트_러디피치.png,1,205,78,64,100.00%
투쿨포스쿨_끌레어틴트_로지뷰.png,1,122,49,53,52.81%
투쿨포스쿨_끌레어틴트_로지스웨이.png,1,120,45,56,88.77%
투쿨포스쿨_끌레어틴트_리치라이즈.png,1,171,42,34,100.00%
투쿨포스쿨_끌레어틴트_문더스트.png,1,113,43,65,99.98%
투쿨포스쿨_끌레어틴트_미러베리.png,1,150,29,46,100.00%
투쿨포스쿨_끌레어틴트_포그선셋.png,1,147,56,50,100.00%
투쿨포스쿨_플레르워터틴트_드리즐.png,1,213,132,118,100.00%
투쿨포스쿨_플레르워터틴트_티어풀.png,1,210,95,91,93.60%
투쿨포스쿨_플레르워터틴트_플랍.png,1,236,115,137,100.00%
투쿨포스쿨_플레르워터틴트_플래쉬.png,1,206,91,118,99.86%
투쿨포스쿨_플레르워터틴트_휘슬링.png,1,226,128,106,100.00%
투쿨포스쿨_픽싱블러립_모노로즈.png,1,168,82,85,79.76%
투쿨포스쿨_픽싱블러립_버닝베이지.png,1,166,86,78,99.19%
투쿨포스쿨_픽싱블러립_칠링로즈.png,1,186,75,76,59.35%
투쿨포스쿨_픽싱블러립_페탈핑크.png,1,188,108,100,91.30%
투쿨포스쿨_픽싱블러립_피치릿.png,1,180,76,61,99.92%
페라페라_잉크무드매트스틱_김여주집합.png,1,211,95,95,77.52%
페라페라_잉크무드매트스틱_당모쿨핑.png,1,220,95,121,100.00%
페라페라_잉크무드매트스틱_모브병유발.png,1,179,82,101,99.83%
페라페라_잉크무드매트스틱_상튤립특.png,1,213,84,88,100.00%
페라페라_잉크무드매트스틱_일잘플럼.png,1,170,109,124,90.35%
페라페라_잉크무드매트스틱_코랄쭈고.png,1,234,132,110,100.00%
페라페라_잉크무드매트스틱_핑크따상.png,1,222,121,148,100.00%
페라페라_잉크무드매트스틱_힙생힙사.png,1,161,116,103,63.93%
페리페라_오버블러틴트_나는쿨로.png,1,229,123,120,100.00%
페리페라_오버블러틴트_도토감성.png,1,192,90,74,100.00%
페리페라_오버블러틴트_모브트리밍.png,1,198,94,109,100.00%
페리페라_오버블러틴트_웜베서더.png,1,232,142,114,100.00%
페리페라_오버블러틴트_코랄랄라.png,1,221,106,96,93.22%
페리페라_오버블러틴트_쿨려치기.png,1,173,57,94,100.00%
페리페라_오버블러틴트_핑트체크.png,1,232,100,118,72.07%
페리페라_워터베어틴트_내또힙행.png,1,210,116,121,100.00%
페리페라_워터베어틴트_당모피치.png,1,251,90,100,93.92%
페리페라_워터베어틴트_생기완충.png,1,202,76,88,100.00%
페리페라_워터베어틴트_소울쿨만.png,1,213,71,101,100.00%
페리페라_워터베어틴트_여쿨러팅.png,1,188,51,78,100.00%
페리페라_워터베어틴트_웅니버스.png,1,224,118,103,100.00%
페리페라_워터베어틴트_챗쿨피티.png,1,205,118,164,100.00%
페리페라_워터베어틴트_쿨레파시.png,1,223,114,167,100.00%
페리페라_워터베어틴트_쿨릉도원.png,1,217,147,155,99.83%
페리페라_잉크글래스팅립글로스_굿온유.png,1,244,135,107,100.00%
페리페라_잉크글래스팅립글로스_그로우온유.png,1,166,83,71,62.64%
페리페라_잉크글래스팅립글로스_러브오브페이트.png,1,241,131,152,100.00%
페리페라_잉크글래스팅립글로스_메이드잇.png,1,163,70,76,98.45%
페리페라_잉크글래스팅립글로스_쏘왓.png,1,251,162,147,53.02%
페리페라_잉크글래스팅립글로스_엣지누드.png,1,204,137,121,99.97%
페리페라_잉크글래스팅립글로스_웨이투고.png,1,209,95,136,71.97%
페리페라_잉크글래스팅립글로스_칠링로지.png,1,197,94,101,100.00%
페리페라_잉크더벨벳_누디과몰입.png,1,192,94,109,98.71%
페리페라_잉크더벨벳_누디풀데이.png,1,164,84,96,69.55%
페리페라_잉크더벨벳_누디플로우.png,1,186,91,89,99.90%
페리페라_잉크더벨벳_봄상특파원 (1).png,1,196,86,92,92.36%
페리페라_잉크더벨벳_봄상특파원 (2).png,1,208,122,106,99.74%
페리페라_잉크더벨벳_봄웜레이더.png,1,202,98,87,58.25%
페리페라_잉크더벨벳_봄파민중독 (1).png,1,231,80,109,94.48%
페리페라_잉크더벨벳_봄파민중독 (2).png,1,183,88,78,50.41%
페리페라_잉크더벨벳_생기대란.png,1,190,42,61,97.42%
페리페라_잉크더벨벳_페립포터.png,1,193,119,113,71.34%
페리페라_잉크더벨벳_품절대란.png,1,222,9,54,66.58%
페리페라_잉크더벨벳_하트백만개.png,1,169,2,54,100.00%
페리페라_잉크더벨벳_햇살주의보.png,1,248,108,99,50.74%
페리페라_잉크더에어리벨벳_내안에피치.png,1,221,73,68,100.00%
페리페라_잉크더에어리벨벳_너지금무화과.png,1,183,89,79,99.31%
페리페라_잉크더에어리벨벳_딱복피치.png,1,248,82,82,75.54%
페리페라_잉크더에어리벨벳_땡큐베리마치.png,1,226,64,89,100.00%
페리페라_잉크더에어리벨벳_물복피치.png,1,231,118,135,99.97%
페리페라_잉크더에어리벨벳_미모열일.png,1,228,41,79,100.00%
페리페라_잉크더에어리벨벳_별피치내린다.png,1,254,113,119,99.83%
페리페라_잉크더에어리벨벳_심장폭격.png,1,224,51,35,68.17%
페리페라_잉크더에어리벨벳_이거다살구.png,1,229,113,116,99.54%
페리페라_잉크더에어리벨벳_정신체리.png,1,207,13,52,82.84%
페리페라_잉크더에어리벨벳_최애쁨템.png,1,254,90,80,98.71%
페리페라_잉크더에어리벨벳_피치나는솔로.png,1,242,80,110,99.90%
페리페라_잉크더에어리벨벳_확신의피치상.png,1,253,107,101,99.97%
페리페라_잉크무드글로이밤_누디리스트.png,1,161,58,43,100.00%
페리페라_잉크무드글로이밤_로지아워.png,1,199,72,93,100.00%
페리페라_잉크무드글로이밤_모브다이브.png,1,131,47,73,90.08%
페리페라_잉크무드글로이밤_숨찐로즈.png,1,147,51,54,99.70%
페리페라_잉크무드글로이밤_쿨쿨코랄.png,1,224,89,71,100.00%
페리페라_잉크무드글로이밤_핑믈리에.png,1,241,75,107,100.00%
페리페라_잉크무드글로이틴트_당맛도리.png,1,180,78,64,100.00%
페리페라_잉크무드글로이틴트_로즈학사.png,1,181,89,88,100.00%
페리페라_잉크무드글로이틴트_맘찍로즈.png,1,240,104,103,45.59%
페리페라_잉크무드글로이틴트_손웜수템.png,1,240,119,113,100.00%
페리페라_잉크무드글로이틴트_어쩔체리.png,1,203,39,88,99.50%
페리페라_잉크무드글로이틴트_여기누웜.png,1,232,141,121,100.00%
페리페라_잉크무드글로이틴트_웜고리즘.png,1,231,148,144,100.00%
페리페라_잉크무드글로이틴트_쩡신차렷.png,1,222,95,81,72.17%
페리페라_잉크무드글로이틴트_쿨계포상.png,1,225,89,104,100.00%
페리페라_잉크무드글로이틴트_쿨당대란.png,1,205,107,123,95.04%
페리페라_잉크무드글로이틴트_쿨소평가.png,1,254,126,185,99.97%
페리페라_잉크무드글로이틴트_쿨톤치드.png,1,181,57,91,100.00%
페리페라_하트잼글로우립_버찌스무디.png,1,189,73,93,51.14%
페리페라_하트잼글로우립_베리밀크티.png,1,244,101,124,90.55%
페리페라_하트잼글로우립_베리콕.png,1,243,66,113,100.00%
페리페라_하트잼글로우립_살구젤리.png,1,254,120,122,52.86%
페리페라_하트잼글로우립_자몽크러쉬.png,1,250,74,78,100.00%
페리페라_하트잼글로우립_체리필링.png,1,253,31,78,100.00%
페리페라_하트잼글로우립_피치크럼블.png,1,236,122,158,99.70%
페리페라_하트잼글로우립_피치퐁듀.png,1,254,126,80,98.41%
페리페라_하트잼글로우립_허니너트.png,1,202,115,99,67.97%
포렌코즈_타투페일벨벳틴트_버드.png,1,174,75,59,100.00%
포렌코즈_타투페일벨벳틴트_피러팻.png,1,164,82,81,67.25%
퓌_3D볼류밍글로스_바닐라30.png,1,251,171,168,95.50%
퓌_3D볼류밍글로스_바닐라70.png,1,247,117,106,100.00%
퓌_3D볼류밍글로스_소르베30.png,1,250,121,110,100.00%
퓌_3D볼류밍글로스_소르베70.png,1,242,102,84,67.97%
퓌_3D볼류밍글로스_스카치30.png,1,190,128,117,100.00%
퓌_3D볼류밍글로스_스카치70.png,1,122,61,53,100.00%
퓌_3D볼류밍글로스_앵두30.png,1,254,156,174,100.00%
퓌_3D볼류밍글로스_앵두70.png,1,215,0,39,100.00%
퓌_3D볼류밍글로스_캔디30.png,1,254,145,181,100.00%
퓌_3D볼류밍글로스_캔디70.png,1,253,104,150,96.26%
퓌_3D볼류밍글로스_커런트30.png,1,227,145,165,95.97%
퓌_3D볼류밍글로스_커런트70.png,1,193,73,100,89.29%
플린_다이브워터틴트_온리인.png,1,214,129,108,100.00%
플린_다이브워터틴트_줌인.png,1,238,121,85,100.00%
플린_다이브워터틴트_클리어인.png,1,227,40,63,100.00%
플린_다이브워터틴트_프리즈인.png,1,248,140,155,74.68%
플린_브리즈벨벳틴트_딤로즈.png,1,197,85,93,98.48%
플린_브리즈벨벳틴트_레드우드.png,1,206,98,96,61.61%
플린_브리즈벨벳틴트_리썸베이지.png,1,224,134,118,100.00%
플린_브리즈벨벳틴트_비모브.png,1,196,95,107,88.06%
플린_스테이인워터틴트_딜라잇.png,1,198,50,48,100.00%
플린_스테이인워터틴트_위시.png,1,234,91,89,100.00%
플린_스테이인워터틴트_조이.png,1,233,80,58,100.00%
플린_스테이인워터틴트_코지.png,1,174,61,47,100.00%
플린_어딕션벨벳틴트_네버마인드.png,1,177,58,53,99.50%
플린_어딕션벨벳틴트_딥브레스.png,1,147,45,31,86.19%
플린_어딕션벨벳틴트_로즈베일.png,1,197,93,90,94.04%
플린_어딕션벨벳틴트_세이예스.png,1,162,46,33,100.00%
플린_어딕션벨벳틴트_셀피쉬코랄.png,1,214,111,92,82.08%
피브_컬러드롭립틴트_노메이크업.png,1,251,112,50,99.83%
피브_컬러드롭립틴트_로지코지.png,1,212,56,66,52.69%
피브_컬러드롭립틴트_마이베스티스.png,1,216,44,17,100.00%
피브_컬러드롭립틴트_미닝아웃.png,1,252,0,25,99.14%
피브_컬러드롭립틴트_밀키피치.png,1,237,113,100,100.00%
피브_컬러드롭립틴트_애프터스쿼트.png,1,198,0,14,100.00%
피브_컬러드롭립틴트_위티플럼.png,1,162,0,39,100.00%
피브_컬러드롭립틴트_칠링칠리.png,1,209,0,19,100.00%
피브_컬러드롭립틴트_피터패트.png,1,236,3,61,99.04%
피브_컬러드롭립틴트_허밍모브.png,1,210,79,97,100.00%
피브_컬러립밤_로지코지.png,1,148,33,42,91.70%
피브_컬러립밤_미닝아웃.png,1,233,45,52,99.97%
피브_컬러립밤_애프터스쿼트.png,1,148,4,15,100.00%
피브_컬러립밤_칠링칠리.png,1,73,21,22,53.39%
하트퍼센트_도트온무드듀이멜팅립스틱_듀이블랙.png,1,83,69,80,100.00%
하트퍼센트_도트온무드듀이멜팅립스틱_라이브리핑크.png,1,203,119,114,94.52%
하트퍼센트_도트온무드듀이멜팅립스틱_라이크카라멜.png,1,167,114,94,99.77%
하트퍼센트_도트온무드듀이멜팅립스틱_로지피그.png,1,166,98,111,100.00%
하트퍼센트_도트온무드듀이멜팅립스틱_모브듀.png,1,182,92,86,99.43%
하트퍼센트_도트온무드듀이멜팅립스틱_무드브라운.png,1,170,122,90,91.16%
하트퍼센트_도트온무드블러리포그틴트_더스티피그.png,1,161,90,69,99.55%
하트퍼센트_도트온무드블러리포그틴트_멜로우피치.png,1,190,119,96,77.51%
하트퍼센트_도트온무드블러리포그틴트_베어모브.png,1,145,80,93,99.34%
하트퍼센트_도트온무드블러리포그틴트_오키드플럼.png,1,73,29,43,100.00%
하트퍼센트_도트온무드블러리포그틴트_페탈로즈.png,1,121,37,42,97.26%
하트퍼센트_도트온무드블러리포그틴트_피오니핑크.png,1,157,80,88,97.22%
하트퍼센트_도트온무드퓨어글로우틴트_누디오렌지.png,1,222,99,91,100.00%
하트퍼센트_도트온무드퓨어글로우틴트_레드오렌지.png,1,201,32,39,100.00%
하트퍼센트_도트온무드퓨어글로우틴트_마젠타듀.png,1,255,63,126,100.00%
하트퍼센트_도트온무드퓨어글로우틴트_모브.png,1,209,103,113,100.00%
하트퍼센트_도트온무드퓨어글로우틴트_무드베이지.png,1,207,103,100,100.00%
하트퍼센트_도트온무드퓨어글로우틴트_베어립스.png,1,214,117,133,100.00%
하트퍼센트_도트온무드퓨어글로우틴트_비바플럼.png,1,200,35,104,100.00%
하트퍼센트_도트온무드퓨어글로우틴트_저스트코랄.png,1,254,119,96,100.00%
하트퍼센트_도트온무드퓨어글로우틴트_카라멜베이지.png,1,211,148,133,100.00%
하트퍼센트_도트온무드퓨어글로우틴트_푸시아핑크.png,1,225,64,97,100.00%
하트퍼센트_도트온무드퓨어글로우틴트_퓨어레드.png,1,185,24,42,100.00%
하트퍼센트_도트온무드퓨어글로우틴트_플럼모브.png,1,162,35,52,100.00%
하트퍼센트_도트온무드퓨어글로우틴트_피그로즈.png,1,205,69,71,100.00%
하트퍼센트_도트온무드퓨어글로우틴트_피치코랄.png,1,228,118,119,100.00%
하트퍼센트_도트온무드퓨어글로우틴트_핑크로즈.png,1,213,78,92,100.00%
헤라_루즈홀릭쉬어매트_비헤이브.png,1,185,67,75,93.12%
헤라_루즈홀릭쉬어매트_스칼렛하이.png,1,211,50,37,95.21%
헤라_루즈홀릭쉬어매트_스테이플.png,1,213,122,130,100.00%
헤라_루즈홀릭쉬어매트_에센셜.png,1,196,100,95,99.97%
헤라_루즈홀릭쉬어매트_인포멀.png,1,191,105,90,100.00%
헤라_루즈홀릭쉬어매트_임프레션.png,1,132,25,61,100.00%
헤라_루즈홀릭쉬어매트_포커스.png,1,174,55,58,100.00%
헤라_루즈홀릭쉬어매트_퓨어레드.png,1,202,37,61,100.00%
헤라_센슈얼누드글로스_노허슬.png,1,231,130,112,100.00%
헤라_센슈얼누드글로스_란제리.png,1,215,130,125,99.97%
헤라_센슈얼누드글로스_스피치리스.png,1,154,88,81,98.55%
헤라_센슈얼누드글로스_허쉬.png,1,240,52,113,99.14%
헤라_센슈얼누드밤_네이키드아몬드.png,1,198,79,49,89.26%
헤라_센슈얼누드밤_무디.png,1,247,102,75,97.82%
헤라_센슈얼누드밤_뮤트핑크.png,1,217,105,125,98.78%
헤라_센슈얼누드밤_본프리.png,1,253,190,204,100.00%
헤라_센슈얼누드밤_스윙.png,1,240,26,139,93.02%
헤라_센슈얼누드밤_템팅레드.png,1,250,28,79,100.00%
헤라_센슈얼파우더매트리퀴드_37.2.png,1,207,132,94,100.00%
헤라_센슈얼파우더매트리퀴드_감.png,1,156,63,53,100.00%
헤라_센슈얼파우더매트리퀴드_로지스웨이드 .png,1,100,34,33,75.36%
헤라_센슈얼파우더매트리퀴드_립모닝.png,1,196,117,132,100.00%
헤라_센슈얼파우더매트리퀴드_베이비치크.png,1,194,126,126,55.72%
헤라_센슈얼파우더매트리퀴드_서울체리.png,1,170,91,107,97.37%
헤라_센슈얼파우더매트리퀴드_섹슈얼초콜릿.png,1,120,63,77,100.00%
헤라_센슈얼파우더매트리퀴드_언드레스드.png,1,149,72,77,99.98%
헤라_센슈얼파우더매트리퀴드_팜파스.png,1,163,108,97,83.55%
헤라_센슈얼파우더매트리퀴드_포에버영.png,1,175,67,79,97.78%
헤라_센슈얼파우더매트립스틱_노프라블럼.png,1,201,87,107,87.83%
헤라_센슈얼파우더매트립스틱_블레이저.png,1,174,67,64,64.99%
헤라_센슈얼파우더매트립스틱_업투미.png,1,180,55,57,59.80%
헤라_센슈얼파우더매트립스틱_커들.png,1,197,120,122,69.10%
헤라_센슈얼파우더매트립스틱_팜파스.png,1,199,100,93,52.90%
헤라_센슈얼파우더매트립스틱_휘슬.png,1,205,120,115,71.79%
헤라_센슈얼파우더매트립스틱_희.png,1,161,71,71,58.23%
헤라_센슈얼피팅글로우틴트_러브바이트.png,1,236,173,189,73.59%
헤라_센슈얼피팅글로우틴트_리들러.png,1,231,113,152,97.64%
헤라_센슈얼피팅글로우틴트_시퀀스.png,1,230,72,82,99.74%
헤라_센슈얼피팅글로우틴트_피치플리즈.png,1,241,165,149,96.71%
헤라_센슈얼피팅글로우틴트_픽셀핑크.png,1,238,141,139,83.20%
헤라_센슈얼피팅글로우틴트_히든모브.png,1,212,137,135,96.67%
홀리카홀리카_버터블러틴트_로제.png,1,164,88,79,83.00%
홀리카홀리카_버터블러틴트_솔티드.png,1,147,80,68,100.00%
홀리카홀리카_버터블러틴트_에이징.png,1,126,53,56,95.50%
홀리카홀리카_버터블러틴트_칠.png,1,134,48,53,67.40%
홀리카홀리카_버터블러틴트_피넛.png,1,128,57,44,99.71%
홀리카홀리카_본듀립쉬어_디오니.png,1,217,86,132,100.00%
홀리카홀리카_본듀립쉬어_로사.png,1,196,77,89,100.00%
홀리카홀리카_본듀립쉬어_블러싱.png,1,157,42,55,94.05%
홀리카홀리카_본듀립쉬어_하츠.png,1,180,79,98,58.41%
홀리카홀리카_본듀립쉬어_히든.png,1,213,123,122,99.87%
홀리카홀리카_워터바이브틴트_걸프.png,1,233,42,109,100.00%
홀리카홀리카_워터바이브틴트_고고.png,1,232,42,44,100.00%
홀리카홀리카_워터바이브틴트_스플랫.png,1,237,56,91,100.00%
홀리카홀리카_워터바이브틴트_퍼들.png,1,234,77,34,100.00%
홀리카홀리카_워터바이브틴트_후피.png,1,198,11,66,100.00%
홀리카홀리카_포기블러틴트_도지.png,1,198,68,95,99.94%
홀리카홀리카_포기블러틴트_쉘리.png,1,241,164,194,99.55%
홀리카홀리카_포기블러틴트_코랄린.png,1,236,122,83,100.00%
홀리카홀리카_포기블러틴트_쿠잉.png,1,205,105,106,57.16%
홀리카홀리카_포기블러틴트_키시.png,1,205,79,82,100.00%
홀리카홀리카_포기블러틴트_포쉬.png,1,214,92,129,87.17%
홀리카홀리카_하트크러쉬베어글레이즈틴트_블런트.png,1,179,81,80,61.94%
홀리카홀리카_하트크러쉬베어글레이즈틴트_비미쉬.png,1,225,83,80,100.00%
홀리카홀리카_하트크러쉬베어글레이즈틴트_스위시.png,1,201,77,104,100.00%
홀리카홀리카_하트크러쉬베어글레이즈틴트_스텔리파이.png,1,143,28,69,100.00%
홀리카홀리카_하트크러쉬베어글레이즈틴트_아모리스트.png,1,194,47,61,100.00%
홀리카홀리카_하트크러쉬베어글레이즈틴트_애시드로즈.png,1,225,54,126,100.00%
홀리카홀리카_하트크러쉬베어글레이즈틴트_퍼피.png,1,227,81,156,100.00%
홀리카홀리카_하트크러쉬베어글레이즈틴트_필로이.png,1,231,117,121,100.00%
힌스_로글로우젤틴트_로그레이프.png,1,176,67,90,67.57%
힌스_로글로우젤틴트_로로즈.png,1,219,72,74,71.87%
힌스_로글로우젤틴트_로프리콧.png,1,229,81,70,100.00%
힌스_로글로우젤틴트_베어.png,1,218,118,103,100.00%
힌스_로글로우젤틴트_칠.png,1,142,33,56,98.48%
힌스_로글로우젤틴트_피버.png,1,205,41,56,86.48%
힌스_로글로우젤틴트_히비스커스.png,1,212,31,71,51.01%
힌스_무드인핸서립글로우_디어로즈.png,1,152,68,70,69.88%
힌스_무드인핸서립글로우_렛미듀.png,1,181,54,81,99.79%
힌스_무드인핸서립글로우_스타트오버.png,1,108,45,32,100.00%
힌스_무드인핸서립글로우_임패션드.png,1,93,32,28,66.60%
힌스_무드인핸서립글로우_칠아웃.png,1,173,60,53,99.93%
힌스_무드인핸서마뜨_베어에센셜.png,1,178,97,92,100.00%
힌스_무드인핸서마뜨_소프트디맨드.png,1,215,107,114,79.97%
힌스_무드인핸서마뜨_시그니처미.png,1,166,56,55,96.79%
힌스_무드인핸서마뜨_어드레스.png,1,131,74,54,100.00%
힌스_무드인핸서마뜨_얼루어.png,1,200,117,139,100.00%
힌스_무드인핸서마뜨_인디케이트.png,1,160,88,92,62.90%
힌스_무드인핸서마뜨_타임리스.png,1,204,111,93,64.20%
힌스_무드인핸서워터리퀴드글로우_기프티드.png,1,151,58,35,100.00%
힌스_무드인핸서워터리퀴드글로우_뉴얼루어.png,1,190,100,107,100.00%
힌스_무드인핸서워터리퀴드글로우_레어모먼트.png,1,189,96,79,100.00%
힌스_무드인핸서워터리퀴드글로우_리파인드.png,1,147,60,68,100.00%
힌스_무드인핸서워터리퀴드글로우_보더리스.png,1,220,114,92,100.00%
힌스_무드인핸서워터리퀴드글로우_블러쉬드.png,1,229,95,91,88.53%
힌스_무드인핸서워터리퀴드글로우_어딕티드.png,1,212,77,86,100.00%
힌스_무드인핸서워터리퀴드글로우_엠비언트.png,1,214,94,85,100.00%
힌스_무드인핸서워터리퀴드글로우_인플루언스.png,1,200,27,82,59.11%
힌스_무드인핸서워터리퀴드글로우_체리쉬드.png,1,206,59,88,100.00%
힌스_무드인핸서워터리퀴드글로우_클래시컬.png,1,154,8,29,100.00%
힌스_무드인핸서워터리퀴드글로우_하모니어스.png,1,192,65,58,56.36%
힌스_슬림스틱멜팅매트_뉴실루엣.png,1,176,111,94,66.88%
힌스_슬림스틱멜팅매트_데자뷰.png,1,127,51,54,88.71%
힌스_슬림스틱멜팅매트_모멘터리.png,1,188,119,106,99.94%
힌스_슬림스틱멜팅매트_언리파인드.png,1,110,45,54,89.27%
힌스_슬림스틱멜팅매트_페이드아웃.png,1,163,102,101,54.39%
힌스_슬림핏리퀴드벨벳_딜라이티드.png,1,161,81,62,100.00%
힌스_슬림핏리퀴드벨벳_블루미.png,1,193,91,94,100.00%
힌스_슬림핏리퀴드벨벳_셀러브레이트.png,1,192,90,83,100.00%
힌스_슬림핏리퀴드벨벳_언커먼.png,1,135,47,48,67.16%
힌스_슬림핏리퀴드벨벳_얼루어모먼트.png,1,151,84,95,100.00%
힌스_슬림핏리퀴드벨벳_컴클로저.png,1,102,29,51,100.00%
힌스_슬림핏리퀴드벨벳_프레시티저스.png,1,168,79,68,100.00%
힌스_슬림핏리퀴드벨벳_플로레센스.png,1,174,104,91,100.00%
